image_id,ann_id,file_name,group_id,layer_gt,predicted_score,predicted_layer,normalized_delta_g,wb1,wb2,delta_g,area_px
0,1,1-4-3-6-12-100-5_png.rf.a4a0325020ffec68ecff71002da76fcb.jpg,1-4-3-6-12-100-5_png,9,9.329561233520508,10,-0.49459625683001207,1.4,3.6,-50.05916213989258,62950
1,2,2-0-4-2_png.rf.57c3a840ec9cb70e633c9f544f82335b.jpg,2-0-4-2_png,4,4.32132625579834,4,-0.26231794447147694,2.0,4.2,-24.90837287902832,3681
2,3,1-7-3-3_png.rf.5162294bd914028db5716491540feee2.jpg,1-7-3-3_png,9,9.154829978942871,9,-0.48328888351158233,1.7,3.3,-67.77731323242188,2246
3,4,1_7-4_2-3-100_png.rf.8cc4fccf8aef42906ae3d956c2292e20.jpg,1_7-4_2-3-100_png,3,2.856820583343506,2,-0.16223239424083183,1.7,4.2,-12.376042366027832,111834
4,5,1_7-3_9-3-100-4_png.rf.8c4880254fea02562928dc9abc6654e9.jpg,1_7-3_9-3-100-4_png,3,2.85426926612854,2,-0.16209733758304332,1.7,3.9,-12.390006065368652,43618
5,6,0_8-3_6-3-100_png.rf.f16ff1a36a3d54da1be3382a757cb2d6.jpg,0_8-3_6-3-100_png,3,2.172171115875244,2,-0.05996770782691195,0.8,3.6,-9.775887489318848,112365
6,7,1_4-4_5-3-100-4_png.rf.67ca7e725d9762296194ffbde0c689f3.jpg,1_4-4_5-3-100-4_png,3,2.1854443550109863,2,-0.11480227298947324,1.4,4.5,-11.160192489624023,43809
7,8,1_7-4_2-3-100-4_png.rf.ba829371261b6c68213d7c134e3422e9.jpg,1_7-4_2-3-100-4_png,3,2.696230173110962,2,-0.15390895204604066,1.7,4.2,-11.467933654785156,43808
8,9,1-1-3-9-12-100-5_png.rf.9199599b3b62922a35cf98e4b397c53c.jpg,1-1-3-9-12-100-5_png,9,9.036410331726074,9,-0.44162483990387635,1.1,3.9,-59.7539176940918,62767
9,10,1_7-3_6-2-100-3_png.rf.8a038b949b97688962eff3900c27de8c.jpg,1_7-3_6-2-100-3_png,2,1.4302430152893066,1,-0.0710975869757948,1.7,3.6,-5.463712215423584,557554
10,11,1-1-4-5-7-100-2_png.rf.d4490aeb7d6f5c196a4f0beb577cbf9b.jpg,1-1-4-5-7-100-2_png,7,8.251991271972656,8,-0.3369933844500824,1.1,4.5,-45.703853607177734,49242
11,12,1_1-4_8-3-100-4_png.rf.2918febcf14012f69acb5ec7c375e4a7.jpg,1_1-4_8-3-100-4_png,3,2.761477470397949,2,-0.1227341266745239,1.1,4.8,-16.274560928344727,43386
12,13,2-0-3-3_png.rf.b3288a171b18271000868ed152c4a082.jpg,2-0-3-3_png,2,1.4729801416397095,1,-0.09476627619515789,2.0,3.3,-12.763542175292969,927
13,14,1-7-4-2_png.rf.a0c8cd567cf1c01c15786eb9f5331acb.jpg,1-7-4-2_png,4,2.7908213138580322,2,-0.15877181320938202,1.7,4.2,-18.278244018554688,8194
13,15,1-7-4-2_png.rf.a0c8cd567cf1c01c15786eb9f5331acb.jpg,1-7-4-2_png,3,2.13157057762146,2,-0.12437750843732107,1.7,4.2,-14.384603500366211,6449
13,16,1-7-4-2_png.rf.a0c8cd567cf1c01c15786eb9f5331acb.jpg,1-7-4-2_png,4,2.762106418609619,2,-0.15728646783121897,1.7,4.2,-18.223800659179688,2306
14,17,2-0-3-3_png.rf.59723c7c1da78c12c799a07ad00b631e.jpg,2-0-3-3_png,1,0.919427216053009,1,-0.033319482910614866,2.0,3.3,-3.420225143432617,4733
15,18,2-1-4-2-1_png.rf.36f8d96e373b6d31efde0dfce503e0f3.jpg,2-1-4-2-1_png,1,0.8229649066925049,1,-0.025133819225034684,2.1,4.2,-2.1969223022460938,4928
16,19,1_4-4_8-6-100-6_png.rf.584d56d702b39d097e198f5416dccacd.jpg,1_4-4_8-6-100-6_png,6,4.425982475280762,4,-0.2240815375037451,1.4,4.8,-21.597808837890625,156907
17,20,1_7-3_6-3-100_png.rf.42845efd88c5a023f289f2f8db585812.jpg,1_7-3_6-3-100_png,3,1.8534209728240967,2,-0.10653980089099656,1.7,3.6,-8.33837890625,113125
18,21,1-4-4-8_png.rf.f3aa59e57f5ca72aeea7e50439585d64.jpg,1-4-4-8_png,1,1.4985719919204712,1,-0.0680843983638632,1.4,4.8,-7.6487579345703125,1560
19,22,2-0-4-8_png.rf.2d8d88db83f1bf04c97fdc68c81744e1.jpg,2-0-4-8_png,8,8.609227180480957,9,-0.6457440184019234,2.0,4.8,-58.73649597167969,321
19,23,2-0-4-8_png.rf.2d8d88db83f1bf04c97fdc68c81744e1.jpg,2-0-4-8_png,7,7.7915520668029785,8,-0.4104570104606829,2.0,4.8,-35.984596252441406,1750
19,24,2-0-4-8_png.rf.2d8d88db83f1bf04c97fdc68c81744e1.jpg,2-0-4-8_png,6,9.628120422363281,10,-0.49869953752381874,2.0,4.8,-45.33386993408203,895
20,25,1_4-3_6-6-100-6_png.rf.50558fcc8fa995efa39f338aa6c762e6.jpg,1_4-3_6-6-100-6_png,6,4.638293266296387,4,-0.23504401939433286,1.4,3.6,-23.688087463378906,154982
21,26,1-4-4-2-3-100-2_png.rf.26e23fd2d0db8cd2ca7d0bfeb38f826e.jpg,1-4-4-2-3-100-2_png,7,9.180351257324219,10,-0.4065421130449862,1.4,4.2,-39.68793869018555,49623
22,27,1_4-4_5-6-100-6_png.rf.71ce24289b6600388084dd1492d0b1e3.jpg,1_4-4_5-6-100-6_png,6,3.7441840171813965,4,-0.18817299549882183,1.4,4.5,-17.779170989990234,154661
23,28,1_4-4_5-3-100_png.rf.9605688146aeb4356a3ecb9b51196988.jpg,1_4-4_5-3-100_png,3,1.6979224681854248,1,-0.08373888656009697,1.4,4.5,-8.138705253601074,114425
24,29,1_1-3_9-6-100-6_png.rf.a88998dc69448b1ad83e064fa76db9ca.jpg,1_1-3_9-6-100-6_png,6,4.845705986022949,4,-0.20048619951204524,1.1,3.9,-24.923316955566406,153157
25,30,1-7-4-2_png.rf.5c7d7637db8da6a78ace9874fe6893cb.jpg,1-7-4-2_png,4,4.745212554931641,4,-0.28869846322890697,1.7,4.2,-33.736820220947266,3703
26,31,2-0-4-5_png.rf.0a34c6def6138079054dac3cc553b530.jpg,2-0-4-5_png,7,8.549009323120117,9,-0.6532585680314064,2.0,4.5,-56.60894775390625,2668
27,32,1-4-4-8_png.rf.db8d86d6a8fcd4d7944d9af17d877479.jpg,1-4-4-8_png,1,1.3288220167160034,1,-0.05307086584442692,1.4,4.8,-5.951586723327637,2857
28,33,0_8-4_2-3-100_png.rf.18653e40bfd1647302ca3d150de43a57.jpg,0_8-4_2-3-100_png,3,3.5523123741149902,4,-0.11167122231649505,0.8,4.2,-18.12506103515625,111370
29,34,1_1-4_2-3-100-4_png.rf.f93cf7102162e314a6c52f1ddd451bab.jpg,1_1-4_2-3-100-4_png,3,2.8081867694854736,2,-0.12450806056807813,1.1,4.2,-16.954896926879883,43583
30,35,1-4-3-9_png.rf.05159b6852fee25a7113174d24504832.jpg,1-4-3-9_png,10,9.318450927734375,10,-0.41738749259405833,1.4,3.9,-55.682533264160156,566
31,38,2-3-3-6_png.rf.0cfb48560d17942562a31c07e008a348.jpg,2-3-3-6_png,10,9.94990062713623,10,-0.5711425187526052,2.3,3.6,-49.94827651977539,542
32,41,1-1-4-2-7-10-2_png.rf.283e154f552f295b51f079d3240045a3.jpg,1-1-4-2-7-10-2_png,7,8.7429780960083,9,-0.487413812108496,1.1,4.2,-58.70028305053711,498
34,43,1-1-3-9_png.rf.623480332ed46b80747e30151fbcc404.jpg,1-1-3-9_png,1,1.2438793182373047,1,-0.03456313449113974,1.1,3.9,-5.001977920532227,2822
35,44,1-1-3-9-3-10-4_png.rf.2ac73102331695d1ab2a5504200617cf.jpg,1-1-3-9-3-10-4_png,3,3.5773611068725586,4,-0.1517559001436499,1.1,3.9,-18.79813575744629,613
36,45,1_7-4_8-6-100-6_png.rf.91f248759690878270cf5e8fbddd2ec7.jpg,1_7-4_8-6-100-6_png,6,4.255654335021973,4,-0.25408123965976526,1.7,4.8,-18.482219696044922,152787
37,46,1_1-4_2-2-100-3_png.rf.e86c31e639dd005cfb5488246f6e6457.jpg,1_1-4_2-2-100-3_png,2,1.1499565839767456,1,-0.02546581315763309,1.1,4.2,-3.2868404388427734,562249
38,47,1-4-3-3_png.rf.e01c097c09b034407d3560c2f71e1f1a.jpg,1-4-3-3_png,8,9.191726684570312,10,-0.40729613405597903,1.4,3.3,-62.96440505981445,2579
39,48,1_4-3_9-2-100-3_png.rf.4ab8e79bed923de2b2e025c3f2ba23f6.jpg,1_4-3_9-2-100-3_png,2,1.0117194652557373,1,-0.019749346881906448,1.4,3.9,-1.890890121459961,560022
40,49,1-7-3-6_png.rf.407e35fc1a0d153e0e145357b5626217.jpg,1-7-3-6_png,9,9.164125442504883,10,-0.49650199857047106,1.7,3.6,-63.99871063232422,2538
41,50,1-1-4-8_png.rf.dacb87c5415ad4b2b5c3daabf1fc8f59.jpg,1-1-4-8_png,1,1.3580784797668457,1,-0.04471492690010231,1.1,4.8,-5.168560028076172,2821
42,51,1_7-4_8-3-100_png.rf.0730fec7074639f1c6757fe740a2c695.jpg,1_7-4_8-3-100_png,3,1.8662152290344238,2,-0.10743884698771788,1.7,4.8,-8.059440612792969,112323
43,52,1_7-4_5-6-100-6_png.rf.6e3d501f7bcdb51ffb120b876223d08a.jpg,1_7-4_5-6-100-6_png,6,4.365118503570557,4,-0.2620694445178022,1.7,4.5,-18.927715301513672,154624
44,53,2-0-3-6_png.rf.3d69e14f466659a7ee0483f5fa76bf24.jpg,2-0-3-6_png,10,9.559223175048828,10,-0.48786194277034056,2.0,3.6,-52.455848693847656,559
47,58,0_8-4_5-6-100-6_png.rf.30359b5620a1f732f5ddd7eaec705ca9.jpg,0_8-4_5-6-100-6_png,6,5.051948547363281,6,-0.1591223229937557,0.8,4.5,-24.99751091003418,150830
48,59,2-0-4-2_png.rf.c332436ded6c863ffe997890c55583bf.jpg,2-0-4-2_png,7,8.746737480163574,9,-0.6294481773733542,2.0,4.2,-55.78142547607422,2328
49,60,2-0-3-6_png.rf.3fc229b5df2e28f7a05607a551216f1b.jpg,2-0-3-6_png,7,8.904597282409668,9,-0.612476370743082,2.0,3.6,-56.94379806518555,2008
50,61,2-0-3-9_png.rf.02a4293495d8b213047de38eb520f58b.jpg,2-0-3-9_png,1,1.0756127834320068,1,-0.05318219632945326,2.0,3.9,-5.073039531707764,2975
51,62,2-3-3-3_png.rf.5e9a734bca4015ce75e1db5eba5f3b4e.jpg,2-3-3-3_png,9,9.936168670654297,10,-0.589461891607488,2.3,3.3,-54.725284576416016,2391
52,63,1-4-4-5_png.rf.4b994a44226b69733801be9ebc44900a.jpg,1-4-4-5_png,1,1.407538890838623,1,-0.06024639112844942,1.4,4.5,-7.123135566711426,1435
53,64,1-7-3-6-3-100-2_png.rf.b44f5fc19f8902c0f1aed1d721b4009c.jpg,1-7-3-6-3-100-2_png,7,8.597612380981445,9,-0.441776427417416,1.7,3.6,-34.06749725341797,49465
54,65,1-1-3-3_png.rf.1588a2e811cff88ce0bac79c7ea61845.jpg,1-1-3-3_png,4,4.882330894470215,4,-0.2019902607046066,1.1,3.3,-34.171043395996094,3793
55,66,1-4-4-8_png.rf.f46d5b3e3065366457ae1906bf371694.jpg,1-4-4-8_png,7,9.004034996032715,9,-0.5623697920648959,1.4,4.8,-61.726314544677734,2185
56,67,1-4-3-9_png.rf.f492364b1989e6d604c0bcf83c304dd5.jpg,1-4-3-9_png,4,4.043117523193359,4,-0.2038929589173724,1.4,3.9,-28.007884979248047,3704
57,68,0-8-3-9-6-10-6_png.rf.7727909cde990ecc79216d1b96fda888.jpg,0-8-3-9-6-10-6_png,6,7.302159786224365,7,-0.2647646495294592,0.8,3.9,-40.35774230957031,1702
58,69,1_1-4_8-3-100_png.rf.f80e9ed0e77f811810e61aa26d87e516.jpg,1_1-4_8-3-100_png,3,2.020704746246338,2,-0.08932523809965016,1.1,4.8,-11.915633201599121,111372
59,70,1_1-4_8-6-100-6_png.rf.386e54e67e4c29b456cc3fcb277e2700.jpg,1_1-4_8-6-100-6_png,6,4.473611831665039,4,-0.18554800437058847,1.1,4.8,-23.952804565429688,158484
60,71,2-0-4-2_png.rf.98bc283adde2dbb44e27c9ad58658945.jpg,2-0-4-2_png,1,0.9335680603981018,1,-0.0352228915235555,2.0,4.2,-3.297623634338379,1435
61,72,2-3-3-3_png.rf.e715422f3eb1a8be968b9f3df98dd932.jpg,2-3-3-3_png,2,1.68845796585083,1,-0.11388700280272197,2.3,3.3,-13.951033592224121,869
62,73,2-0-3-9_png.rf.1030f4c5e8c3d52f71478c3d12cf6e78.jpg,2-0-3-9_png,8,8.840791702270508,9,-0.6190940103317593,2.0,3.9,-60.30821228027344,429
62,74,2-0-3-9_png.rf.1030f4c5e8c3d52f71478c3d12cf6e78.jpg,2-0-3-9_png,7,8.223474502563477,8,-0.4246806979789946,2.0,3.9,-39.736358642578125,2082
62,75,2-0-3-9_png.rf.1030f4c5e8c3d52f71478c3d12cf6e78.jpg,2-0-3-9_png,6,9.437039375305176,10,-0.4764204883924884,2.0,3.9,-46.31151580810547,769
63,76,1-4-4-2_png.rf.076c145d98f3218171abce1595a647b1.jpg,1-4-4-2_png,8,9.056883811950684,9,-0.5516582172020643,1.4,4.2,-66.38731384277344,471
63,77,1-4-4-2_png.rf.076c145d98f3218171abce1595a647b1.jpg,1-4-4-2_png,7,9.31747817993164,10,-0.49728905627974374,1.4,4.2,-57.86376953125,1909
63,78,1-4-4-2_png.rf.076c145d98f3218171abce1595a647b1.jpg,1-4-4-2_png,6,9.175980567932129,10,-0.40625751762087475,1.4,4.2,-48.818641662597656,744
64,79,1-7-3-6-3-10-4_png.rf.7706566b09988ab96aa292145be3ff1e.jpg,1-7-3-6-3-10-4_png,3,3.890723705291748,4,-0.22735023921711292,1.7,3.6,-15.510085105895996,564
65,80,1-7-4-8_png.rf.8d87fcd0542156ea4bfce103f4562988.jpg,1-7-4-8_png,1,1.1521838903427124,1,-0.04141587004708866,1.7,4.8,-4.156480312347412,2843
66,81,1-7-4-2_png.rf.c13d1a9b1c75e2e36673574149b0536b.jpg,1-7-4-2_png,1,0.9847028851509094,1,-0.020428522361967096,1.7,4.2,-2.3827857971191406,4531
67,82,1_4-3_9-3-100-4_png.rf.1fe85423000f028ef309c98bb6093f63.jpg,1_4-3_9-3-100-4_png,3,2.4319710731506348,2,-0.12743124515440457,1.4,3.9,-13.005273818969727,44012
68,83,2-0-3-3_png.rf.925e14054494dd440ccb06f615e5e7cd.jpg,2-0-3-3_png,4,2.584071397781372,2,-0.16791444452970442,2.0,3.3,-16.311166763305664,8041
69,84,1_4-4_2-3-100-4_png.rf.d987341b6365626d8bcb976e62677fd2.jpg,1_4-4_2-3-100-4_png,3,2.7239530086517334,2,-0.14064253458901582,1.4,4.2,-14.081388473510742,43593
70,85,2-0-3-6_png.rf.fba21ca3e8b92ab2c54c0c7a02e5ca6f.jpg,2-0-3-6_png,1,1.1035130023956299,1,-0.056461214452952206,2.0,3.6,-5.544877052307129,2844
71,86,1-4-4-2-12-100-5_png.rf.a45f1edf805501a602bd6352f991f3eb.jpg,1-4-4-2-12-100-5_png,9,9.414860725402832,10,-0.47353136811916585,1.4,4.2,-46.71010208129883,63138
72,87,1-7-3-3_png.rf.2cab010acaac2b68ec0bb1c44f5d3755.jpg,1-7-3-3_png,4,2.6859447956085205,2,-0.15338464924746395,1.7,3.3,-18.61878204345703,8095
72,88,1-7-3-3_png.rf.2cab010acaac2b68ec0bb1c44f5d3755.jpg,1-7-3-3_png,3,2.388275384902954,2,-0.13838540617063436,1.7,3.3,-16.869796752929688,6469
72,89,1-7-3-3_png.rf.2cab010acaac2b68ec0bb1c44f5d3755.jpg,1-7-3-3_png,4,2.6004552841186523,2,-0.14905524969739564,1.7,3.3,-18.203039169311523,2189
73,90,1-7-4-2_png.rf.81f1ec2b360aed9d52faff0953fb6767.jpg,1-7-4-2_png,1,1.0837070941925049,1,-0.03315461600673244,1.7,4.2,-3.871096611022949,1618
74,91,1-4-3-9-12-10-5_png.rf.dc5755f99a8b2b3c87f59f2923c8ace3.jpg,1-4-3-9-12-10-5_png,9,8.606182098388672,9,-0.6465899724749181,1.4,3.9,-56.41000747680664,627
75,92,1_4-4_5-2-100-3_png.rf.7f909e9237377be9b018ad20e85265de.jpg,1_4-4_5-2-100-3_png,2,1.1354594230651855,1,-0.033670209777552154,1.4,4.5,-3.196065902709961,560279
76,93,0-8-4-2-2-10-3_png.rf.e877450e1ac246ac22a5273582a6190e.jpg,0-8-4-2-2-10-3_png,2,2.4581305980682373,2,-0.07291244780160203,0.8,4.2,-11.235132217407227,5631
77,94,1-7-4-2_png.rf.590ea26f90099b365668b33fca049963.jpg,1-7-4-2_png,7,8.71786880493164,9,-0.5718098710661369,1.7,4.2,-57.30374526977539,2421
78,95,1-4-3-9_png.rf.698cb0a376f514d9a60369673b8ffe02.jpg,1-4-3-9_png,1,1.1671926975250244,1,-0.03704106421410107,1.4,3.9,-5.0247111320495605,1580
79,96,2-0-3-3_png.rf.d901e24fb364ff365fec5a8998dd923f.jpg,2-0-3-3_png,10,9.587239265441895,10,-0.49160400055452497,2.0,3.3,-56.625701904296875,581
80,99,0_8-3_9-3-100_png.rf.315efbe5cfa3092d82103032fd3a6583.jpg,0_8-3_9-3-100_png,3,3.977757453918457,4,-0.12427352792144296,0.8,3.9,-20.526569366455078,111480
81,100,1_7-4_5-3-100-4_png.rf.1244211cc8c45a78894228669e8a2ed4.jpg,1_7-4_5-3-100-4_png,3,2.135124444961548,2,-0.12458495589737363,1.7,4.5,-9.143943786621094,44276
83,102,1_7-3_3-3-100_png.rf.486e160fc43b2e6c42316993932af153.jpg,1_7-3_3-3-100_png,3,1.575899600982666,1,-0.08459446218035845,1.7,3.3,-6.636065483093262,112833
84,103,0_8-4_5-2-100-3_png.rf.2ecd7b27bf5a85a2ab964888eb01a2b6.jpg,0_8-4_5-2-100-3_png,2,1.4422996044158936,1,-0.01578850785979109,0.8,4.5,-2.4484329223632812,563233
85,104,0-8-4-5-7-10-2_png.rf.d04e1b282cf4cbfd20a9f06418a862be.jpg,0-8-4-5-7-10-2_png,7,8.184919357299805,8,-0.4996858085472793,0.8,4.5,-65.94657897949219,456
86,105,1-1-3-9-3-10_png.rf.e7139b506e18616f1b606e2b99c7d54f.jpg,1-1-3-9-3-10_png,3,3.9467639923095703,4,-0.16523146127226257,1.1,3.9,-20.726333618164062,957
87,106,1-1-4-5-3-10-4_png.rf.1930ecac4fb716eb7b49390bec245c45.jpg,1-1-4-5-3-10-4_png,3,3.5090267658233643,4,-0.14932013720908505,1.1,4.5,-16.813873291015625,602
88,107,0_8-3_6-3-100-4_png.rf.422f9abb5f2e946d93e10e275a7651b4.jpg,0_8-3_6-3-100-4_png,3,2.7054245471954346,2,-0.08290501548463027,0.8,3.6,-13.642391204833984,43657
89,108,1-4-3-6-3-10-4_png.rf.6eeeb2f2d66d855f1234509223102911.jpg,1-4-3-6-3-10-4_png,3,3.9762563705444336,4,-0.2003460294935947,1.4,3.6,-18.473182678222656,578
90,109,2-0-3-9_png.rf.4ee4d42b4d799e45d26254deaa47b7ef.jpg,2-0-3-9_png,9,9.653736114501953,10,-0.5343276322333532,2.0,3.9,-57.3602294921875,2442
91,110,1-7-3-3_png.rf.31ae33f756a0aedc8dbeea1df6f22af7.jpg,1-7-3-3_png,8,8.065189361572266,8,-0.4243282622931566,1.7,3.3,-60.42144775390625,2591
92,111,1-7-3-6_png.rf.d9a55a944ba0f9a7317593ffde720dae.jpg,1-7-3-6_png,1,1.0533479452133179,1,-0.029354237065604253,1.7,3.6,-3.5786824226379395,1524
93,112,1-7-4-5_png.rf.55867e524dbd7408fa6ed4ed191e521e.jpg,1-7-4-5_png,8,8.742485046386719,9,-0.5682744716986949,1.7,4.5,-59.48208999633789,332
93,113,1-7-4-5_png.rf.55867e524dbd7408fa6ed4ed191e521e.jpg,1-7-4-5_png,7,9.064973831176758,9,-0.4698763455845242,1.7,4.5,-47.58881759643555,1438
93,114,1-7-4-5_png.rf.55867e524dbd7408fa6ed4ed191e521e.jpg,1-7-4-5_png,6,8.040128707885742,8,-0.4235794466803949,1.7,4.5,-44.36397171020508,761
94,115,1_7-4_5-2-100-3_png.rf.e5bf428120ed67985eea4f743de1b02f.jpg,1_7-4_5-2-100-3_png,2,1.1296350955963135,1,-0.03874176433293615,1.7,4.5,-2.7291479110717773,562496
95,116,0-8-4-2-7-100-2_png.rf.35ac0108bf9e5f94f93327fcf6b20fe3.jpg,0-8-4-2-7-100-2_png,7,7.413116931915283,8,-0.27045454029499033,0.8,4.2,-43.627532958984375,49317
96,117,1-7-3-9_png.rf.c582e955f786b0ba3d85daaf24041918.jpg,1-7-3-9_png,1,1.0158551931381226,1,-0.024537874927462528,1.7,3.9,-2.943471908569336,1811
97,118,1-4-3-9_png.rf.9c031c083546c181258720fd342dd113.jpg,1-4-3-9_png,8,9.460088729858398,10,-0.4382981163088813,1.4,3.9,-58.00466537475586,2634
98,119,1-1-3-3_png.rf.8ecfe0f60c2afbe95fcb3c05913eba08.jpg,1-1-3-3_png,8,8.455846786499023,9,-0.5350537129592081,1.1,3.3,-76.58580017089844,254
98,120,1-1-3-3_png.rf.8ecfe0f60c2afbe95fcb3c05913eba08.jpg,1-1-3-3_png,7,8.916879653930664,9,-0.46034033029881893,1.1,3.3,-63.88100814819336,1547
98,121,1-1-3-3_png.rf.8ecfe0f60c2afbe95fcb3c05913eba08.jpg,1-1-3-3_png,6,9.116945266723633,9,-0.39066124225079635,1.1,3.3,-55.845088958740234,838
99,122,1-7-3-6_png.rf.50ba7e2e614d499e29265db0c2935702.jpg,1-7-3-6_png,8,8.9302978515625,9,-0.5408390020757851,1.7,3.6,-59.51911926269531,372
99,123,1-7-3-6_png.rf.50ba7e2e614d499e29265db0c2935702.jpg,1-7-3-6_png,7,8.000235557556152,8,-0.42239376509489596,1.7,3.6,-44.79819869995117,1704
99,124,1-7-3-6_png.rf.50ba7e2e614d499e29265db0c2935702.jpg,1-7-3-6_png,6,8.053343772888184,8,-0.4239739101024585,1.7,3.6,-46.63340377807617,776
100,125,2-0-3-9_png.rf.d2c1e3dea6b0286e989fd1a0c59584d7.jpg,2-0-3-9_png,10,9.671680450439453,10,-0.5127589636495682,2.0,3.9,-53.65081787109375,552
101,128,0_8-3_9-6-100-6_png.rf.eb70dbed372fde1a8eeba331d408646b.jpg,0_8-3_9-6-100-6_png,6,4.293247222900391,4,-0.13361561988528212,0.8,3.9,-21.183992385864258,156210
103,130,1-4-3-9-12-100-5_png.rf.57d864b235718f7371229e26c0f6f69d.jpg,1-4-3-9-12-100-5_png,9,9.351052284240723,10,-0.4897143838535084,1.4,3.9,-49.05675506591797,63191
104,131,1-4-4-5-2-10-3_png.rf.e0bc8357f7b89a69e5a629a720e8fce2.jpg,1-4-4-5-2-10-3_png,2,2.0910801887512207,2,-0.10951190513491176,1.4,4.5,-10.373008728027344,5517
105,132,1-1-4-5_png.rf.7e33b0c527c83096799dbe73c44947b2.jpg,1-1-4-5_png,7,8.24057674407959,8,-0.5764507798592303,1.1,4.5,-64.9621353149414,2778
106,133,0-8-4-2-12-100-5_png.rf.b9b208bdce743e00daa47462989b0204.jpg,0-8-4-2-12-100-5_png,9,8.993505477905273,9,-0.37221524805420714,0.8,4.2,-56.779693603515625,63344
108,135,2-0-4-5_png.rf.7c5d3eb92b26ca429afc8700b2e2d5ef.jpg,2-0-4-5_png,1,0.9209195375442505,1,-0.03352142523502839,2.0,4.5,-3.0880582332611084,1366
109,136,0_8-4_8-2-100-3_png.rf.8a66934445864ea927cfaf6538e75a0d.jpg,0_8-4_8-2-100-3_png,2,1.607965111732483,1,-0.02774056443137355,0.8,4.8,-4.042095184326172,566009
110,137,1-4-3-6_png.rf.506e6f8217cf3f23b6b66a721ead12f9.jpg,1-4-3-6_png,8,9.42113971710205,10,-0.430009047717173,1.4,3.6,-61.93220138549805,2603
111,138,1-1-4-5-12-100-5_png.rf.fd9c9e832b49c77db7d27572b292bdd5.jpg,1-1-4-5-12-100-5_png,9,9.0574951171875,9,-0.43818837438446395,1.1,4.5,-57.91717529296875,63097
112,139,1-7-3-6-12-100-5_png.rf.964bc88ac4b9df5d60924864c973cfc7.jpg,1-7-3-6-12-100-5_png,9,8.736392974853516,9,-0.5691499957258246,1.7,3.6,-43.68505859375,63078
113,140,1-7-3-3_png.rf.6cf67ff9099ab0ce57156e0529384bea.jpg,1-7-3-3_png,1,1.2165827751159668,1,-0.04881498971053822,1.7,3.3,-6.057804584503174,2939
114,141,0-8-4-2-6-10-6_png.rf.f06bc3ebab8cf4997dc15e7d8f16e2c4.jpg,0-8-4-2-6-10-6_png,6,7.919234752655029,8,-0.2954284174789364,0.8,4.2,-42.834686279296875,1785
115,142,1_1-3_6-3-100-4_png.rf.e368392c4c3ff1748041adcd52dbf546.jpg,1_1-3_6-3-100-4_png,3,1.900094747543335,2,-0.08259118534471156,1.1,3.6,-11.23657512664795,43871
116,143,1-4-3-9_png.rf.b58046ccab02c43dbd2b868ec3640a4c.jpg,1-4-3-9_png,9,9.012454986572266,9,-0.5606629561084433,1.4,3.9,-73.81279754638672,2543
117,144,0-8-3-6-12-100-5_png.rf.fdde129f448b2c6f99067ae63e4fda0a.jpg,0-8-3-6-12-100-5_png,9,8.996920585632324,9,-0.3731504890237408,0.8,3.6,-57.94844436645508,63457
118,145,1_1-4_2-3-100_png.rf.42570de34f7073cfee581b86f8af573d.jpg,1_1-4_2-3-100_png,3,2.725389242172241,2,-0.12134094840303368,1.1,4.2,-16.642662048339844,111420
119,146,1-4-4-2_png.rf.721481f17552402d880ef5900c63faf4.jpg,1-4-4-2_png,1,1.3049709796905518,1,-0.05081876395541692,1.4,4.2,-6.474191188812256,1445
120,147,1_7-4_2-2-100-3_png.rf.ff8ad4d9aa5b08ad94ec045d356a643c.jpg,1_7-4_2-2-100-3_png,2,1.2770874500274658,1,-0.05546198436712217,1.7,4.2,-3.882439613342285,558877
121,148,1-4-3-3_png.rf.6668aa2907434c01664475b36ff7ac32.jpg,1-4-3-3_png,4,3.488065481185913,4,-0.17522625381857626,1.4,3.3,-26.847150802612305,3864
122,149,1-7-3-6_png.rf.542cf4e512e41802a242248e50d73fb1.jpg,1-7-3-6_png,1,1.1991156339645386,1,-0.046842097321249415,1.7,3.6,-5.695908546447754,2956
123,150,2-0-4-8_png.rf.22b12e455b24cf01141f154232072b13.jpg,2-0-4-8_png,1,0.8710260391235352,1,-0.026608736018134592,2.0,4.8,-2.4094247817993164,1658
124,151,2-0-3-3_png.rf.dfe778684e22e24d4bbc2a0596af932e.jpg,2-0-3-3_png,8,9.487126350402832,10,-0.48043504261696834,2.0,3.3,-55.347434997558594,2602
125,152,1_1-4_5-6-100-6_png.rf.0b8e3442181b82ee809fae0aff8f441c.jpg,1_1-4_5-6-100-6_png,6,4.129162311553955,4,-0.17213628930756875,1.1,4.5,-22.847278594970703,159510
126,153,1-7-3-6_png.rf.c553888bbb4f29eae5695f31b560900b.jpg,1-7-3-6_png,8,8.345815658569336,9,-0.4329646385256566,1.7,3.6,-55.99013137817383,2646
127,154,0-8-4-5-12-100-5_png.rf.d27c5131de768145c0426d580c16b1be.jpg,0-8-4-5-12-100-5_png,9,9.014181137084961,9,-0.38166862186610284,0.8,4.5,-57.98881530761719,62911
128,155,1-1-3-3_png.rf.49cebed77ee5ec9b29f049acad6e2b79.jpg,1-1-3-3_png,1,1.2604132890701294,1,-0.03609241782301115,1.1,3.3,-6.085557460784912,2804
130,157,1-4-4-8-12-100-5_png.rf.0555e2344387b938e225ac587bed8c57.jpg,1-4-4-8-12-100-5_png,9,9.209836959838867,10,-0.5203356014988185,1.4,4.8,-50.866790771484375,63080
131,158,2-0-3-6_png.rf.5bb8149664dcb3d94ba83f2ff79fa905.jpg,2-0-3-6_png,9,9.64384651184082,10,-0.5367228433585719,2.0,3.6,-60.78181457519531,2479
132,159,1-1-3-6_png.rf.41f8282f4d610f31de920e2ddda062ec.jpg,1-1-3-6_png,1,1.3254858255386353,1,-0.04191332781911032,1.1,3.6,-6.552555561065674,2882
133,160,0_8-3_9-3-100-4_png.rf.a0ea87f8dc3849c82ca77e62678da871.jpg,0_8-3_9-3-100-4_png,3,2.7186906337738037,2,-0.08341489974221683,0.8,3.9,-13.624107360839844,43708
134,161,0_8-3_6-6-100-6_png.rf.f710411774b36466e267112827b949a5.jpg,0_8-3_6-6-100-6_png,6,4.436947822570801,4,-0.13806741614055076,0.8,3.6,-22.10089683532715,151397
135,162,1_1-4_5-3-100-4_png.rf.223b501cee6e7eb4d02511764b426737.jpg,1_1-4_5-3-100-4_png,3,2.2728328704833984,2,-0.10202079595454404,1.1,4.5,-13.596872329711914,43588
136,163,1_7-4_2-6-100-6_png.rf.990c8e7dc81a0a2d300343068da7acde.jpg,1_7-4_2-6-100-6_png,6,4.259679794311523,4,-0.2543764551853808,1.7,4.2,-18.58553695678711,158614
137,164,1-4-3-6_png.rf.e93f378564d40fcce19c08ba50d4b80e.jpg,1-4-3-6_png,4,3.7160558700561523,4,-0.18672074337506203,1.4,3.6,-27.419124603271484,3734
138,165,0_5-3_6-3-100_png.rf.a37dca445803ab946ffc1b764fe8b01a.jpg,0_5-3_6-3-100_png,3,2.787426710128784,2,-0.06021810184415401,0.5,3.6,-10.295252799987793,110945
139,166,2-0-3-6_png.rf.dfd2ed6d229fdff01bf4e2646f79ed30.jpg,2-0-3-6_png,8,8.98829174041748,9,-0.6043176954204597,2.0,3.6,-60.092735290527344,358
139,167,2-0-3-6_png.rf.dfd2ed6d229fdff01bf4e2646f79ed30.jpg,2-0-3-6_png,7,8.362576484680176,9,-0.4294338345858068,2.0,3.6,-41.095909118652344,1542
139,168,2-0-3-6_png.rf.dfd2ed6d229fdff01bf4e2646f79ed30.jpg,2-0-3-6_png,6,9.296771049499512,10,-0.4675891015436421,2.0,3.6,-46.495391845703125,692
140,169,1-1-4-2-12-100-5_png.rf.a06707ba39ac8a29078cd1cef195266e.jpg,1-1-4-2-12-100-5_png,9,9.124948501586914,9,-0.4265394689107015,1.1,4.2,-57.35490798950195,62715
141,170,0_8-3_3-3-100_png.rf.a012420ec64f66620ccc5a96800803b2.jpg,0_8-3_3-3-100_png,3,2.582374095916748,2,-0.0780537470824164,0.8,3.3,-12.94199275970459,112815
142,171,1_1-4_5-2-100-3_png.rf.f34372d84d1a09f32dab0ddd3bbdc3a2.jpg,1_1-4_5-2-100-3_png,2,1.1192022562026978,1,-0.022328057334801345,1.1,4.5,-2.8474903106689453,561800
143,172,1-7-3-9-3-100-2_png.rf.ee81b88ff4edb73bd3d52cb407594140.jpg,1-7-3-9-3-100-2_png,7,8.911931991577148,9,-0.45745727973996764,1.7,3.9,-35.22759246826172,49638
144,173,1_7-4_8-2-100-3_png.rf.35cff443e29eb149afc2100cf8f53c85.jpg,1_7-4_8-2-100-3_png,2,1.2142162322998047,1,-0.048549166667560935,1.7,4.8,-3.451620101928711,557528
145,174,2-0-3-9_png.rf.949fa39f6d31623a6121b4a7e8353f35.jpg,2-0-3-9_png,4,3.196134090423584,3,-0.20042418551660146,2.0,3.9,-19.273204803466797,3638
147,176,2-3-3-6_png.rf.3c4a60517d910f7cc6ef6f04131c8b3b.jpg,2-3-3-6_png,9,9.940938949584961,10,-0.5850976450456972,2.3,3.6,-52.711917877197266,2397
148,177,1-1-3-3_png.rf.707bafc38e8ad25edf097d5042aa696e.jpg,1-1-3-3_png,7,8.598901748657227,9,-0.5106625363937978,1.1,3.3,-66.7472152709961,3275
149,178,1-4-4-8_png.rf.1d7e57ba37060f71327c9d909b9c5f38.jpg,1-4-4-8_png,4,5.536428451538086,6,-0.2778833595272133,1.4,4.8,-31.584728240966797,3444
150,179,1_7-3_6-3-100-4_png.rf.0e2c14656bafa6a7247814c899e457d2.jpg,1_7-3_6-3-100-4_png,3,2.255674362182617,2,-0.13138210182079502,1.7,3.6,-10.132026672363281,43754
151,180,1_4-4_8-3-100_png.rf.8ede069b98de1e579d03a3776c05837e.jpg,1_4-4_8-3-100_png,3,1.934319257736206,2,-0.10002003085744035,1.4,4.8,-9.884917259216309,112923
152,181,1-4-3-6_png.rf.9628f4ac1d091f5d7112e21dff044ae7.jpg,1-4-3-6_png,9,9.184453964233398,10,-0.525604409845332,1.4,3.6,-75.44020080566406,2481
153,182,1-7-4-2-3-100-2_png.rf.7faff86439664bfe0284b363c1906247.jpg,1-7-4-2-3-100-2_png,7,8.6826810836792,9,-0.4453077253688364,1.7,4.2,-31.958972930908203,12033
154,183,1-7-4-8_png.rf.da472f55ef57fb190194a56f02d1524c.jpg,1-7-4-8_png,7,8.658537864685059,9,-0.580316389394412,1.7,4.8,-56.249412536621094,2621
155,184,1_4-3_6-3-100-4_png.rf.b7370ae78231b3c6c5119344e98b3a2b.jpg,1_4-3_6-3-100-4_png,3,2.206902265548706,2,-0.1159663477495311,1.4,3.6,-11.907690048217773,43469
156,185,1-7-3-9_png.rf.291a0a46bb3f8e90bea6eef07a57cc08.jpg,1-7-3-9_png,8,8.530848503112793,9,-0.4392468233164871,1.7,3.9,-52.50848388671875,2625
157,186,2-0-4-5_png.rf.4c9934d349af1eda4c6c7785f44129ac.jpg,2-0-4-5_png,1,1.0966583490371704,1,-0.05566307612553309,2.0,4.5,-5.110162734985352,3006
158,187,0_8-4_5-3-100-4_png.rf.40100ca1f9ab9cefc0b91269e55b64e3.jpg,0_8-4_5-3-100-4_png,3,2.8374695777893066,2,-0.0878749876728814,0.8,4.5,-14.330930709838867,43372
159,188,1-7-3-9_png.rf.1d6e3af27f8a0e6634e7cbc83bf45b21.jpg,1-7-3-9_png,1,1.130462408065796,1,-0.038840674055088634,1.7,3.9,-4.638561248779297,2914
160,189,0_8-4_8-6-100-6_png.rf.773543bcf61f7c9568501a88a24294a9.jpg,0_8-4_8-6-100-6_png,6,4.820019245147705,4,-0.15076357874156748,0.8,4.8,-22.892810821533203,158138
161,190,1-1-4-2_png.rf.fe1a571940f9ce408db6067bb3ad73db.jpg,1-1-4-2_png,4,4.442424297332764,4,-0.18431787610335054,1.1,4.2,-25.202842712402344,3728
162,191,0-8-3-9-7-10-2_png.rf.028097a6c59a7a9fd476df2cfdcff7cd.jpg,0-8-3-9-7-10-2_png,7,8.598851203918457,9,-0.4455947533920238,0.8,3.9,-64.93956756591797,494
163,192,2-0-3-6_png.rf.ec23d8a6649d12cd3acc2dd962eafe0d.jpg,2-0-3-6_png,4,2.558589458465576,2,-0.16658040724451434,2.0,3.6,-15.92205810546875,8051
164,193,1-7-3-6_png.rf.72f174885e3aac98ef00a88f99d20e2a.jpg,1-7-3-6_png,2,2.7845184803009033,2,-0.15844476827655038,1.7,3.6,-21.176410675048828,943
165,194,1_4-4_2-2-100-3_png.rf.80460ad71a5366d86cbb1d711f102855.jpg,1_4-4_2-2-100-3_png,2,1.1769814491271973,1,-0.03806531296614294,1.4,4.2,-3.5798206329345703,560641
166,195,0-8-3-3_png.rf.f049181e8c5e4a13a5cca94c3913011c.jpg,0-8-3-3_png,8,8.774754524230957,9,-0.4228105366117385,0.8,3.3,-64.72583770751953,237
166,196,0-8-3-3_png.rf.f049181e8c5e4a13a5cca94c3913011c.jpg,0-8-3-3_png,7,7.874462127685547,8,-0.29330418296420196,0.8,3.3,-43.60006332397461,1713
166,197,0-8-3-3_png.rf.f049181e8c5e4a13a5cca94c3913011c.jpg,0-8-3-3_png,6,7.353028774261475,8,-0.2673793329133753,0.8,3.3,-40.88064193725586,811
167,198,1-4-4-2_png.rf.0ede17c247c1e253b9d78ade7ad9f955.jpg,1-4-4-2_png,7,9.134089469909668,9,-0.5359534867455652,1.4,4.2,-60.80237579345703,2345
168,199,1_1-3_6-3-100_png.rf.0307dcceae267e17398fb4f7e30321ca.jpg,1_1-3_6-3-100_png,3,1.5882835388183594,1,-0.06259652099380836,1.1,3.6,-8.550541877746582,110517
169,200,2-3-3-9_png.rf.b26a6f463a2b10e1ea9bfdd882f8b75d.jpg,2-3-3-9_png,10,9.943704605102539,10,-0.5821683086700438,2.3,3.9,-49.44168472290039,543
170,203,0_8-4_2-3-100-4_png.rf.47074b16c199d48f76a79808da59ff8b.jpg,0_8-4_2-3-100-4_png,3,3.1900734901428223,3,-0.10015774558413736,0.8,4.2,-16.282150268554688,43687
171,204,0_5-4_8-3-100_png.rf.5c72beebaec6c51bdf587092284970ab.jpg,0_5-4_8-3-100_png,3,2.290242910385132,2,-0.03949442585569718,0.5,4.8,-6.480289459228516,110750
172,205,1-4-3-6-3-10_png.rf.ad84b927b1babbe89c96f28f7ea04ec2.jpg,1-4-3-6-3-10_png,3,1.0014123916625977,1,-0.01853074545109284,1.4,3.6,-1.7213144302368164,1063
173,206,1-4-4-2_png.rf.f568c8e82dd905b6dc27db9fc9a59014.jpg,1-4-4-2_png,1,1.2628122568130493,1,-0.04674502649921348,1.4,4.2,-5.979419708251953,4695
174,207,1_7-3_9-2-100-3_png.rf.e4801736469c94c09491c9642b5e0275.jpg,1_7-3_9-2-100-3_png,2,1.0740941762924194,1,-0.031960717791215607,1.7,3.9,-2.2733535766601562,563406
175,208,1-7-4-5-3-100-2_png.rf.877c9b81aff76315328dd976407ce7f4.jpg,1-7-4-5-3-100-2_png,7,7.1447434425354,7,-0.39721754329743414,1.7,4.5,-29.013263702392578,49202
176,209,2-0-4-2_png.rf.83a5b72c58566eb0fb1aa7d8bde50b3b.jpg,2-0-4-2_png,1,0.9743348956108093,1,-0.04059322517655106,2.0,4.2,-3.917163848876953,4758
177,210,0_5-3_3-3-100_png.rf.1472399d2d37ca0062205a7488b0b74d.jpg,0_5-3_3-3-100_png,3,2.746027946472168,2,-0.05860989984181257,0.5,3.3,-10.089275360107422,111940
178,211,1-7-4-5_png.rf.59608e5c5593ff8e5c2b65929af07e2d.jpg,1-7-4-5_png,4,4.994662761688232,6,-0.3048039453131905,1.7,4.5,-33.02010726928711,3711
179,212,1_1-4_2-6-100-6_png.rf.ced40ba0e1a8678f06a69a763c421a9c.jpg,1_1-4_2-6-100-6_png,6,4.151007175445557,4,-0.17297370951854082,1.1,4.2,-22.61443328857422,151670
180,213,1-7-4-8_png.rf.b59b6847350bdceaa60b1c11eec516ac.jpg,1-7-4-8_png,1,0.9267578721046448,1,-0.012510922976520776,1.7,4.8,-1.267114281654358,4774
181,214,1-7-3-3_png.rf.7669e870b8e331ed744eb24de5cc4831.jpg,1-7-3-3_png,8,8.901697158813477,9,-0.545113917585597,1.7,3.3,-61.16949462890625,350
181,215,1-7-3-3_png.rf.7669e870b8e331ed744eb24de5cc4831.jpg,1-7-3-3_png,7,7.650662899017334,8,-0.41217490183231076,1.7,3.3,-44.596099853515625,2011
181,216,1-7-3-3_png.rf.7669e870b8e331ed744eb24de5cc4831.jpg,1-7-3-3_png,6,7.789777755737305,8,-0.41623184594117746,1.7,3.3,-46.654876708984375,751
183,218,2-3-3-9_png.rf.6ad0195ee94d29f2341764fb60ffdbad.jpg,2-3-3-9_png,2,1.5572288036346436,1,-0.10383990342910084,2.3,3.9,-10.90628433227539,892
184,219,1_4-3_9-3-100_png.rf.eb6e1942f259449124c4d6eefed6fdee.jpg,1_4-3_9-3-100_png,3,3.1119370460510254,3,-0.15757528828699502,1.4,3.9,-16.472877502441406,111347
185,220,1_1-3_6-6-100-6_png.rf.4a8c239488e9fb3ec92f601d4f65360d.jpg,1_1-3_6-6-100-6_png,6,4.1775922775268555,4,-0.17399561070347772,1.1,3.6,-23.309345245361328,151234
186,221,2-0-3-3_png.rf.541dec8405fa89d25540266ab464c979.jpg,2-0-3-3_png,4,3.030729293823242,3,-0.19148603476299775,2.0,3.3,-19.218467712402344,3732
188,222,1-4-4-5_png.rf.3384aaea34011903dcc46bc9e0b28463.jpg,1-4-4-5_png,4,4.854363441467285,4,-0.24596661220669597,1.4,4.5,-29.43738555908203,3503
189,223,1-1-4-8-3-10-4_png.rf.b5a344e40f4851da8468d465ee9d800d.jpg,1-1-4-8-3-10-4_png,3,3.4875710010528564,4,-0.1485585215893116,1.1,4.8,-15.954707145690918,651
190,224,1-1-4-2-6-10-6_png.rf.b5e8c426c587b636bf5b9a5a6345c102.jpg,1-1-4-2-6-10-6_png,6,7.053549766540527,7,-0.29044137592852143,1.1,4.2,-36.0244140625,1748
191,225,1-4-3-6_png.rf.3504810b84707c55679a3b80b22f71a2.jpg,1-4-3-6_png,2,2.113999366760254,2,-0.11082390217064836,1.4,3.6,-14.891885757446289,880
192,226,1-4-4-5_png.rf.5eabbf8766b64aae472dec2241b4ddd2.jpg,1-4-4-5_png,1,1.3255871534347534,1,-0.05276761576179336,1.4,4.5,-6.3246870040893555,2995
193,227,0_5-4_2-3-100_png.rf.de5b9a4e0a5e1b0d7e01f91b690ce7a9.jpg,0_5-4_2-3-100_png,3,3.5453872680664062,4,-0.08710580315475754,0.5,4.2,-15.170425415039062,111200
194,228,1-7-4-5-12-100-5_png.rf.a73078fbabbad9fc57714a209a6bd8d5.jpg,1-7-4-5-12-100-5_png,9,8.992552757263184,9,-0.5311432456511918,1.7,4.5,-38.237884521484375,63193
195,229,0_5-3_9-3-100_png.rf.46fdf8b6dad3c2523744d7f49c4e388f.jpg,0_5-3_9-3-100_png,3,4.188170433044434,4,-0.10733255974134556,0.5,3.9,-18.389760971069336,111521
196,230,1_1-3_3-3-100_png.rf.557ba7a97baa1e424bb2ca294f1fae62.jpg,1_1-3_3-3-100_png,3,1.7080013751983643,1,-0.07077073547832942,1.1,3.3,-9.750985145568848,112100
197,231,1-7-4-5_png.rf.fd088675e89e615a1880cf622f70e04c.jpg,1-7-4-5_png,1,0.9301241040229797,1,-0.012981032579767439,1.7,4.5,-1.4004957675933838,1375
198,232,1-4-3-3_png.rf.327d13f7695ed883fe039ef18b405559.jpg,1-4-3-3_png,7,9.338037490844727,10,-0.4926895514365362,1.4,3.3,-60.96562957763672,2327
199,233,1-4-4-5-3-10_png.rf.0a3e6aec327c6788288b769f0b558dfb.jpg,1-4-4-5-3-10_png,3,3.9480857849121094,4,-0.19885496637953584,1.4,4.5,-17.31784439086914,1102
200,234,1_1-3_9-2-100-3_png.rf.1e704a7fd1653a60e8422fc0ca052a08.jpg,1_1-3_9-2-100-3_png,2,1.7342495918273926,1,-0.07247462101884015,1.1,3.9,-9.956433296203613,560491
201,235,0_8-3_9-2-100-3_png.rf.7e6a349f5a7c7616b46115d0d6d1530a.jpg,0_8-3_9-2-100-3_png,2,0.9677527546882629,1,0.028024227162871257,0.8,3.9,4.149770736694336,567374
202,236,1_7-3_9-6-100-6_png.rf.fd2ef04c2db46a5604a746606e2a2648.jpg,1_7-3_9-6-100-6_png,6,4.514638900756836,4,-0.2727941342134072,1.7,3.9,-20.692235946655273,159337
203,237,1-7-3-6_png.rf.1390287fbc751deef5b1990673c71067.jpg,1-7-3-6_png,4,4.268809795379639,4,-0.25504547166155545,1.7,3.6,-31.25301742553711,3838
204,238,1-4-4-5_png.rf.9ce8496288e61b756cb9f5437b9a268c.jpg,1-4-4-5_png,8,9.060107231140137,9,-0.5510044484559345,1.4,4.5,-65.20561218261719,310
204,239,1-4-4-5_png.rf.9ce8496288e61b756cb9f5437b9a268c.jpg,1-4-4-5_png,7,9.300893783569336,10,-0.5009411953846246,1.4,4.5,-57.19647979736328,1903
204,240,1-4-4-5_png.rf.9ce8496288e61b756cb9f5437b9a268c.jpg,1-4-4-5_png,6,9.293949127197266,10,-0.4151318196653199,1.4,4.5,-49.04566192626953,637
205,241,1-1-3-6-12-100-5_png.rf.838309c0345af52b54bfadb53454d70c.jpg,1-1-3-6-12-100-5_png,9,9.15545654296875,9,-0.42079499898843353,1.1,3.6,-56.36495590209961,63022
206,242,1_1-4_5-3-100_png.rf.c78685fc2caab909fec87d58bf0bb22a.jpg,1_1-4_5-3-100_png,3,1.6734914779663086,1,-0.06848387038093633,1.1,4.5,-9.047591209411621,112644
207,243,1-4-3-3_png.rf.51125958871dc61342fb31984388139c.jpg,1-4-3-3_png,9,9.307831764221191,10,-0.49941904035876666,1.4,3.3,-76.72216033935547,2547
209,245,1_4-3_6-2-100-3_png.rf.c669b415c103a94425425c1c291c4c04.jpg,1_4-3_6-2-100-3_png,2,1.0368974208831787,1,-0.022686544962759916,1.4,3.6,-2.216653823852539,559638
210,246,1-1-3-6-2-10-3_png.rf.cd210df0072d18ae58611c1c1506502f.jpg,1-1-3-6-2-10-3_png,2,2.0114400386810303,2,-0.08882463291958488,1.1,3.6,-12.221565246582031,5690
211,247,1-4-4-2-3-10_png.rf.e3750ae200a5faa3365b5be9523e0d23.jpg,1-4-4-2-3-10_png,3,3.877007007598877,4,-0.19510605369818812,1.4,4.2,-17.330196380615234,1056
212,248,2-0-3-9_png.rf.e2d88fccb2b95edffa58ffa548a1e821.jpg,2-0-3-9_png,7,8.71121883392334,9,-0.6335332054174367,2.0,3.9,-57.61158752441406,2414
213,249,2-0-3-3_png.rf.71c2ead8681bad4327785bbf83a00147.jpg,2-0-3-3_png,7,8.843354225158691,9,-0.6188216954167542,2.0,3.3,-59.40855407714844,2215
214,250,1_1-3_6-2-100-3_png.rf.cf9fc76becdf6194d3bf18002b74a26e.jpg,1_1-3_6-2-100-3_png,2,0.9952677488327026,1,-0.008819244930038576,1.1,3.6,-1.1480426788330078,560575
215,251,1-4-3-9-3-10-2_png.rf.4cb2b0958876f0fac91698302f6f90b6.jpg,1-4-3-9-3-10-2_png,7,9.036269187927246,9,-0.5558369354150682,1.4,3.9,-48.29444885253906,492
217,253,1-7-4-5-6-10-6_png.rf.7e9bfa8e94c984f25826c280722efafb.jpg,1-7-4-5-6-10-6_png,6,6.943717956542969,7,-0.3910788930486805,1.7,4.5,-24.592012405395508,1675
218,254,1_4-4_2-6-100-6_png.rf.070e4076bc835f0703809a8017615cb6.jpg,1_4-4_2-6-100-6_png,6,5.070720672607422,6,-0.2565613509401169,1.4,4.2,-25.137069702148438,151895
219,255,1-7-4-8_png.rf.0b274182b440cd293e10d8df5a2a7e91.jpg,1-7-4-8_png,1,0.9439688920974731,1,-0.014901028589411272,1.7,4.8,-1.5169079303741455,1427
220,256,1-4-4-2_png.rf.937cfe02b855a29ddb97c2c2a1258188.jpg,1-4-4-2_png,4,4.521797180175781,4,-0.22904882608394805,1.4,4.2,-29.548175811767578,3503
221,257,1-7-3-9-12-100-5_png.rf.1da0be9df224b2e2dd001e501ef02396.jpg,1-7-3-9-12-100-5_png,9,8.795536994934082,9,-0.5606289127842307,1.7,3.9,-42.6635856628418,63178
222,258,2-0-3-3_png.rf.8c8fa38a667aad6e8e1a28522f7b8c05.jpg,2-0-3-3_png,1,1.0851564407348633,1,-0.05431300886396715,2.0,3.3,-5.3823652267456055,2979
223,259,0-8-3-9-12-100-5_png.rf.6bcb70d6bebbff03af41669e452b31a9.jpg,0-8-3-9-12-100-5_png,9,9.008132934570312,9,-0.377078942955704,0.8,3.9,-58.09244155883789,63301
224,260,1-4-3-6_png.rf.41a8e4c5da32bbd39e5a6102bca6c8b4.jpg,1-4-3-6_png,8,9.197840690612793,10,-0.5228314034719252,1.4,3.6,-65.56161880493164,357
224,261,1-4-3-6_png.rf.41a8e4c5da32bbd39e5a6102bca6c8b4.jpg,1-4-3-6_png,7,9.407732963562012,10,-0.4755192204441699,1.4,3.6,-57.908592224121094,1895
224,262,1-4-3-6_png.rf.41a8e4c5da32bbd39e5a6102bca6c8b4.jpg,1-4-3-6_png,6,8.20482349395752,8,-0.36940780082726726,1.4,3.6,-46.27086639404297,695
225,263,2-0-4-2_png.rf.47a63d2c983423a5edb01407c481b545.jpg,2-0-4-2_png,8,8.604944229125977,9,-0.6462713136594767,2.0,4.2,-61.348228454589844,316
225,264,2-0-4-2_png.rf.47a63d2c983423a5edb01407c481b545.jpg,2-0-4-2_png,7,7.077847480773926,7,-0.3876090895627597,2.0,4.2,-35.40365982055664,1690
225,265,2-0-4-2_png.rf.47a63d2c983423a5edb01407c481b545.jpg,2-0-4-2_png,6,9.466279983520508,10,-0.4786779240571012,2.0,4.2,-45.3972282409668,819
226,266,2-0-4-8_png.rf.17d8e9c7bb8b162b927808e361e00624.jpg,2-0-4-8_png,7,8.559967041015625,9,-0.6518755810989816,2.0,4.8,-55.41718292236328,2640
227,267,1_7-4_5-3-100_png.rf.7fddc16b2806b015b13f70bb6b121527.jpg,1_7-4_5-3-100_png,3,1.5854889154434204,1,-0.08544179089502643,1.7,4.5,-6.269703388214111,113714
228,268,1-1-4-2_png.rf.239bb9a0bc969b82e5f97841eaa6f157.jpg,1-1-4-2_png,8,8.251001358032227,8,-0.5742702454972196,1.1,4.2,-70.16996002197266,368
228,269,1-1-4-2_png.rf.239bb9a0bc969b82e5f97841eaa6f157.jpg,1-1-4-2_png,7,8.535055160522461,9,-0.5213470134959544,1.1,4.2,-61.46733474731445,1712
228,270,1-1-4-2_png.rf.239bb9a0bc969b82e5f97841eaa6f157.jpg,1-1-4-2_png,6,9.121588706970215,9,-0.42715071909381375,1.1,4.2,-52.106388092041016,780
229,271,1-7-3-9_png.rf.8e4f9b8e7d8266fa328fe3864654c700.jpg,1-7-3-9_png,9,9.106350898742676,9,-0.5108762393006856,1.7,3.9,-60.742530822753906,2555
231,273,0-8-3-6-7-100-2_png.rf.58d3e525f1816d084935f7901efcc3dd.jpg,0-8-3-6-7-100-2_png,7,7.451735019683838,8,-0.272422040667568,0.8,3.6,-44.64112091064453,49179
232,274,0_8-4_5-3-100_png.rf.e6fc241ab1d0cec7cbe7df6504a1cf24.jpg,0_8-4_5-3-100_png,3,1.9836764335632324,2,-0.05037602132026588,0.8,4.5,-7.89650821685791,108906
233,275,1-7-3-9-3-10-4_png.rf.067196c777d1f5628e7bf2a85bb20b01.jpg,1-7-3-9-3-10-4_png,3,3.35153865814209,3,-0.19070285988857757,1.7,3.9,-12.10888957977295,583
234,276,1_4-3_3-3-100_png.rf.8b6bdd436c829adf18ede29927d2235d.jpg,1_4-3_3-3-100_png,3,1.8550001382827759,2,-0.09483117142272593,1.4,3.3,-10.04313850402832,111306
236,278,2-0-3-6_png.rf.f1151441a4078957ec81bd359f4d54eb.jpg,2-0-3-6_png,1,0.94063401222229,1,-0.03616613048534758,2.0,3.6,-3.5417356491088867,1352
237,279,2-0-4-8_png.rf.53b04d9d63e6fd61efd21f41f820fd82.jpg,2-0-4-8_png,4,3.986049175262451,4,-0.24378028025331883,2.0,4.8,-22.09682846069336,3628
238,280,1-4-3-3_png.rf.41f5dfd5ac303d5aac02cbd96f78b219.jpg,1-4-3-3_png,1,1.0571553707122803,1,-0.025009937492132168,1.4,3.3,-3.9015414714813232,1546
240,282,1-5-4-2-1_png.rf.d8aa1b386da2f14a2b9d925d73e1eeae.jpg,1-5-4-2-1_png,1,1.1269798278808594,1,-0.029622689797463794,1.5,4.2,-3.6303348541259766,4716
241,283,1_4-3_9-6-100-6_png.rf.3596a74996dde4c8373c7ebd44778e18.jpg,1_4-3_9-6-100-6_png,6,4.2910475730896,4,-0.2170334518050558,1.4,3.9,-21.582691192626953,157015
242,284,1-7-3-9_png.rf.c569adb4d51e8d33006187897ea2b5b7.jpg,1-7-3-9_png,8,8.829339027404785,9,-0.555728349708684,1.7,3.9,-59.747886657714844,265
242,285,1-7-3-9_png.rf.c569adb4d51e8d33006187897ea2b5b7.jpg,1-7-3-9_png,7,6.444384574890137,6,-0.3744182322812748,1.7,3.9,-39.01690673828125,1988
242,286,1-7-3-9_png.rf.c569adb4d51e8d33006187897ea2b5b7.jpg,1-7-3-9_png,6,7.494212627410889,8,-0.4075953141114373,1.7,3.9,-43.8480224609375,800
243,287,0_8-4_2-6-100-6_png.rf.c02dd1f381bd1d59ad06a2ab3e0daf8f.jpg,0_8-4_2-6-100-6_png,6,5.284170627593994,6,-0.16803916375354655,0.8,4.2,-26.540403366088867,156797
244,288,1-4-4-5_png.rf.0c46c8d98d95b2ae47d6c0e48b06e8fa.jpg,1-4-4-5_png,1,1.349622368812561,1,-0.05500475267466359,1.4,4.5,-6.556588172912598,4772
245,289,2-0-3-3_png.rf.61fa30be9cc8bd88306eaf38921a9d89.jpg,2-0-3-3_png,1,0.8835107684135437,1,-0.028370106886321092,2.0,3.3,-2.8617758750915527,1259
246,290,1-4-3-6-6-10-6_png.rf.57e97c4c658deb106fa91bb3c6185d00.jpg,1-4-3-6-6-10-6_png,6,7.428055763244629,8,-0.3468637206928099,1.4,3.6,-32.194374084472656,1735
247,291,1_7-3_6-6-100-6_png.rf.c18deeaaf168722f8b57babfd2a7c746.jpg,1_7-3_6-6-100-6_png,6,4.1867547035217285,4,-0.24901982571706568,1.7,3.6,-19.030216217041016,155962
248,292,0_8-3_6-2-100-3_png.rf.ea7f79bb1aa24ea455920db7357eb075.jpg,0_8-3_6-2-100-3_png,2,1.2516614198684692,1,-8.74251003676355e-05,0.8,3.6,-0.01363372802734375,573482
249,293,1_4-4_8-3-100-4_png.rf.e9625cf4f07fc1753efaff1c70aef118.jpg,1_4-4_8-3-100-4_png,3,2.5465664863586426,2,-0.1328100059820411,1.4,4.8,-13.010357856750488,43799
250,294,1-7-4-8-12-100-5_png.rf.d0b567851597b8f7811b504bf24cc867.jpg,1-7-4-8-12-100-5_png,9,8.719934463500977,9,-0.5715133885469577,1.7,4.8,-41.66640090942383,62693
252,296,0-8-3-9-3-10-4_png.rf.2c644fbaaef3c4d28769ee5b38c6da08.jpg,0-8-3-9-3-10-4_png,3,4.278141021728516,4,-0.13315662292069266,0.8,3.9,-19.13125991821289,521
253,297,1_4-4_8-2-100-3_png.rf.7feaad026ca76dccdc970eea7416544f.jpg,1_4-4_8-2-100-3_png,2,1.2523154020309448,1,-0.04571177013669686,1.4,4.8,-4.277260780334473,560067
254,298,2-0-3-3_png.rf.dcde3cccad56f3465b4045dcd37d49dc.jpg,2-0-3-3_png,9,9.677169799804688,10,-0.5219349662811271,2.0,3.3,-60.46549606323242,2241
255,299,1-7-4-2_png.rf.5ff41208008705b9770f63ea4dbea60f.jpg,1-7-4-2_png,1,1.1504217386245728,1,-0.041208536629202396,1.7,4.2,-4.740524768829346,2929
256,300,1_1-3_9-3-100_png.rf.27d9e98e2ba69be9bac34ef5db60cbd6.jpg,1_1-3_9-3-100_png,3,2.6371662616729736,2,-0.11785344744035649,1.1,3.9,-16.328176498413086,111472
257,301,0_5-4_5-3-100_png.rf.e0f9cd5825b622533bc626f2ace1f527.jpg,0_5-4_5-3-100_png,3,2.3399288654327393,2,-0.041723126288254135,0.5,4.5,-7.102768898010254,111406
258,302,1-1-3-6_png.rf.5a366ea437fd2f28d4b970b0c0cfe62a.jpg,1-1-3-6_png,7,8.440211296081543,9,-0.5378399628006906,1.1,3.6,-64.79951858520508,3133
259,303,1-7-4-8_png.rf.cfafa6b7cbe1770109c61d11fd0a600e.jpg,1-7-4-8_png,4,3.26293683052063,3,-0.18523877011081144,1.7,4.8,-18.71738052368164,7878
259,304,1-7-4-8_png.rf.cfafa6b7cbe1770109c61d11fd0a600e.jpg,1-7-4-8_png,3,2.4602904319763184,2,-0.14201963027401257,1.7,4.8,-14.410996437072754,6531
259,305,1-7-4-8_png.rf.cfafa6b7cbe1770109c61d11fd0a600e.jpg,1-7-4-8_png,4,3.204860210418701,3,-0.18174679577873373,1.7,4.8,-18.474197387695312,1868
260,306,1_4-4_2-3-100_png.rf.d47f43f94a1961313ac739a2f2d0061c.jpg,1_4-4_2-3-100_png,3,2.4846322536468506,2,-0.1299377155015041,1.4,4.2,-12.856645584106445,109217
261,307,1-4-4-8_png.rf.e971286630d7d73cbd52862f22033187.jpg,1-4-4-8_png,1,1.5105009078979492,1,-0.06907722912858542,1.4,4.8,-7.7174224853515625,4332
262,308,1-7-3-9_png.rf.cf29a0b49f634348a222e3a00c6ac0e5.jpg,1-7-3-9_png,7,8.857605934143066,9,-0.5516054621922449,1.7,3.9,-55.89460754394531,2481
264,309,1_1-3_9-3-100-4_png.rf.30608e78bad08d040e31be0e5f47f785.jpg,1_1-3_9-3-100-4_png,3,2.4767799377441406,2,-0.11119049547284177,1.1,3.9,-15.272342681884766,43619
265,310,1-7-3-3_png.rf.2dcae6fb792a8c8f409b46857b04f1ff.jpg,1-7-3-3_png,2,2.523228645324707,2,-0.14517042923876988,1.7,3.3,-21.161666870117188,956
266,311,1-1-4-8_png.rf.1f04a8d9e38671b2b8b86c184b6acdb6.jpg,1-1-4-8_png,4,3.908078670501709,4,-0.16378867555969445,1.1,4.8,-19.36566162109375,3606
267,312,1_1-4_8-2-100-3_png.rf.11ef0d33ebb518bd87170cc675115a0b.jpg,1_1-4_8-2-100-3_png,2,1.1380064487457275,1,-0.02425620059775319,1.1,4.8,-3.2720251083374023,564134
268,313,2-0-4-5_png.rf.96a1bb6ac388a4c5ae49db2ae3c1b132.jpg,2-0-4-5_png,8,8.613425254821777,9,-0.6452281284943511,2.0,4.5,-59.916297912597656,350
268,314,2-0-4-5_png.rf.96a1bb6ac388a4c5ae49db2ae3c1b132.jpg,2-0-4-5_png,7,8.716620445251465,9,-0.4421474069601257,2.0,4.5,-39.530296325683594,2068
268,315,2-0-4-5_png.rf.96a1bb6ac388a4c5ae49db2ae3c1b132.jpg,2-0-4-5_png,6,9.602699279785156,10,-0.4939977939224753,2.0,4.5,-45.806121826171875,657
269,316,1-1-4-8-12-100-5_png.rf.e56bf7dffbc6ac9b0c2f10b6e52e307a.jpg,1-1-4-8-12-100-5_png,9,9.002965927124023,9,-0.44696001160076965,1.1,4.8,-58.93088912963867,63006
270,317,1_4-3_6-3-100_png.rf.2ad36dd15d76d66bea77d3ea1b0c7429.jpg,1_4-3_6-3-100_png,3,1.7562466859817505,1,-0.08797522083615888,1.4,3.6,-9.090078353881836,110941
271,318,1-1-4-5_png.rf.0d7258abc2655d09abd047dc9db91902.jpg,1-1-4-5_png,1,1.3585655689239502,1,-0.04475619476524092,1.1,4.5,-5.525648593902588,2895
