pair,subpart_label,accepted,reason,class_id_dark_to_bright,area_px,effective_px,area_frac_effective,raw_mean,raw_median,raw_p5,raw_p95,smooth_mean,smooth_median,component_count,largest_component_px,largest_component_frac_of_class,largest_component_frac_effective,raw_file,infra_file,decision
pair_001,1,1,pass,1,7164,10552,0.678923426838514,89.07482147216797,89.0,83.0,95.0,89.05597686767578,89.0,10,7131,0.9953936348408711,0.6757960576194086,pair_001_raw_png.rf.736e042afd62ff354ae7635e62e3b44d.jpg,pair_001_infra_png.rf.aab5c8107fca10679e8cd810b894d70f.jpg,hybrid_raw_infra
pair_001,1,1,pass,2,3388,10552,0.32107657316148597,104.3656997680664,104.0,97.0,115.0,104.35212707519531,103.0,18,3228,0.9527744982290437,0.30591357088703564,pair_001_raw_png.rf.736e042afd62ff354ae7635e62e3b44d.jpg,pair_001_infra_png.rf.aab5c8107fca10679e8cd810b894d70f.jpg,hybrid_raw_infra
pair_001,2,1,pass,1,612,1548,0.3953488372093023,125.44281005859375,126.0,115.55000305175781,134.0,125.50326538085938,126.0,4,605,0.988562091503268,0.39082687338501293,pair_001_raw_png.rf.736e042afd62ff354ae7635e62e3b44d.jpg,pair_001_infra_png.rf.aab5c8107fca10679e8cd810b894d70f.jpg,hybrid_raw_infra
pair_001,2,1,pass,2,936,1548,0.6046511627906976,143.7820587158203,144.0,135.75,153.0,143.71473693847656,144.0,1,936,1.0,0.6046511627906976,pair_001_raw_png.rf.736e042afd62ff354ae7635e62e3b44d.jpg,pair_001_infra_png.rf.aab5c8107fca10679e8cd810b894d70f.jpg,hybrid_raw_infra
pair_002,1,0,minority_frac_not_above_min,1,3445,4225,0.8153846153846154,40.90130615234375,41.0,35.0,47.0,40.918724060058594,41.0,4,3441,0.9988388969521045,0.8144378698224852,pair_002_raw_png.rf.0de21b8ce42bde32231d2b355a509ebc.jpg,pair_002_infra_png.rf.7326230b1a20f1a87b21231547936d2c.jpg,raw_canny_multichannel
pair_002,1,0,minority_frac_not_above_min,2,780,4225,0.18461538461538463,55.91538619995117,53.0,49.0,70.0,56.05256271362305,53.0,14,543,0.6961538461538461,0.1285207100591716,pair_002_raw_png.rf.0de21b8ce42bde32231d2b355a509ebc.jpg,pair_002_infra_png.rf.7326230b1a20f1a87b21231547936d2c.jpg,raw_canny_multichannel
pair_002,2,1,pass,1,15060,21622,0.6965128110258071,93.19568634033203,95.0,80.0,102.0,93.19416046142578,95.0,6,15045,0.999003984063745,0.6958190731662196,pair_002_raw_png.rf.0de21b8ce42bde32231d2b355a509ebc.jpg,pair_002_infra_png.rf.7326230b1a20f1a87b21231547936d2c.jpg,raw_canny_multichannel
pair_002,2,1,pass,2,6562,21622,0.30348718897419297,119.44255065917969,120.0,111.0,125.0,119.47515869140625,120.0,18,6404,0.9759219750076197,0.29617981685320505,pair_002_raw_png.rf.0de21b8ce42bde32231d2b355a509ebc.jpg,pair_002_infra_png.rf.7326230b1a20f1a87b21231547936d2c.jpg,raw_canny_multichannel
pair_002,3,0,gray_delta_above_max,1,651,839,0.7759237187127532,35.85099792480469,33.0,17.0,63.0,35.986175537109375,33.0,1,651,1.0,0.7759237187127532,pair_002_raw_png.rf.0de21b8ce42bde32231d2b355a509ebc.jpg,pair_002_infra_png.rf.7326230b1a20f1a87b21231547936d2c.jpg,raw_canny_multichannel
pair_002,3,0,gray_delta_above_max,2,188,839,0.22407628128724671,106.81914520263672,103.5,74.0,144.0,106.69149017333984,102.5,3,153,0.8138297872340425,0.18235995232419547,pair_002_raw_png.rf.0de21b8ce42bde32231d2b355a509ebc.jpg,pair_002_infra_png.rf.7326230b1a20f1a87b21231547936d2c.jpg,raw_canny_multichannel
pair_002,4,0,gray_delta_above_max,1,1022,1173,0.8712702472293266,25.9344425201416,25.0,2.0,50.0,26.117416381835938,25.0,1,1022,1.0,0.8712702472293266,pair_002_raw_png.rf.0de21b8ce42bde32231d2b355a509ebc.jpg,pair_002_infra_png.rf.7326230b1a20f1a87b21231547936d2c.jpg,raw_canny_multichannel
pair_002,4,0,gray_delta_above_max,2,151,1173,0.1287297527706735,105.03311157226562,111.0,70.5,133.0,104.45033264160156,109.0,2,117,0.7748344370860927,0.09974424552429667,pair_002_raw_png.rf.0de21b8ce42bde32231d2b355a509ebc.jpg,pair_002_infra_png.rf.7326230b1a20f1a87b21231547936d2c.jpg,raw_canny_multichannel
pair_003,1,0,gray_delta_above_max,1,19110,21459,0.8905354396756605,49.47404479980469,49.0,30.0,71.0,49.48487854003906,49.0,12,19077,0.9982731554160126,0.8889976233748078,pair_003_raw_png.rf.1a1932f6e5738ebd6ba2ff488ecf72b7.jpg,pair_003_infra_png.rf.d1dad70341604e75e9730a67bbc89c6d.jpg,raw_canny_multichannel
pair_003,1,0,gray_delta_above_max,2,2349,21459,0.10946456032433943,134.16517639160156,136.0,96.0,167.0,134.0825958251953,136.0,6,2201,0.9369944657300979,0.10256768721748451,pair_003_raw_png.rf.1a1932f6e5738ebd6ba2ff488ecf72b7.jpg,pair_003_infra_png.rf.d1dad70341604e75e9730a67bbc89c6d.jpg,raw_canny_multichannel
pair_003,2,1,pass,1,6428,8448,0.7608901515151515,99.07032012939453,98.0,87.0,117.0,99.05320739746094,97.0,5,6420,0.998755444928438,0.7599431818181818,pair_003_raw_png.rf.1a1932f6e5738ebd6ba2ff488ecf72b7.jpg,pair_003_infra_png.rf.d1dad70341604e75e9730a67bbc89c6d.jpg,raw_canny_multichannel
pair_003,2,1,pass,2,2020,8448,0.23910984848484848,145.46929931640625,143.5,124.0,172.0,145.5450439453125,144.0,2,2019,0.9995049504950495,0.23899147727272727,pair_003_raw_png.rf.1a1932f6e5738ebd6ba2ff488ecf72b7.jpg,pair_003_infra_png.rf.d1dad70341604e75e9730a67bbc89c6d.jpg,raw_canny_multichannel
pair_003,3,1,pass,1,521,808,0.6448019801980198,29.101726531982422,28.0,15.0,47.0,29.105566024780273,28.0,1,521,1.0,0.6448019801980198,pair_003_raw_png.rf.1a1932f6e5738ebd6ba2ff488ecf72b7.jpg,pair_003_infra_png.rf.d1dad70341604e75e9730a67bbc89c6d.jpg,raw_canny_multichannel
pair_003,3,1,pass,2,287,808,0.3551980198019802,72.25435638427734,69.0,52.0,103.69999694824219,72.27874755859375,69.0,1,287,1.0,0.3551980198019802,pair_003_raw_png.rf.1a1932f6e5738ebd6ba2ff488ecf72b7.jpg,pair_003_infra_png.rf.d1dad70341604e75e9730a67bbc89c6d.jpg,raw_canny_multichannel
pair_003,4,1,pass,1,708,1135,0.6237885462555066,95.28248596191406,97.0,70.3499984741211,114.0,95.31214904785156,97.0,2,707,0.998587570621469,0.6229074889867842,pair_003_raw_png.rf.1a1932f6e5738ebd6ba2ff488ecf72b7.jpg,pair_003_infra_png.rf.d1dad70341604e75e9730a67bbc89c6d.jpg,raw_canny_multichannel
pair_003,4,1,pass,2,427,1135,0.3762114537444934,139.79624938964844,139.0,120.0,163.0,139.8688507080078,139.0,1,427,1.0,0.3762114537444934,pair_003_raw_png.rf.1a1932f6e5738ebd6ba2ff488ecf72b7.jpg,pair_003_infra_png.rf.d1dad70341604e75e9730a67bbc89c6d.jpg,raw_canny_multichannel
pair_003,5,0,minority_frac_not_above_min,1,2040,2458,0.8299430431244914,26.776470184326172,25.0,10.0,51.0,26.7485294342041,25.0,1,2040,1.0,0.8299430431244914,pair_003_raw_png.rf.1a1932f6e5738ebd6ba2ff488ecf72b7.jpg,pair_003_infra_png.rf.d1dad70341604e75e9730a67bbc89c6d.jpg,raw_canny_multichannel
pair_003,5,0,minority_frac_not_above_min,2,418,2458,0.17005695687550854,92.53827667236328,80.0,61.0,144.0,92.535888671875,80.0,1,418,1.0,0.17005695687550854,pair_003_raw_png.rf.1a1932f6e5738ebd6ba2ff488ecf72b7.jpg,pair_003_infra_png.rf.d1dad70341604e75e9730a67bbc89c6d.jpg,raw_canny_multichannel
pair_004,1,1,pass,1,13224,29063,0.4550115266834119,103.05875396728516,104.0,93.0,111.0,103.09014129638672,104.0,82,12178,0.9209013914095584,0.41902074803014144,pair_004_raw_png.rf.bf8ad0670b2ddba44de804f783ddc7a7.jpg,pair_004_infra_png.rf.b159fad312a1c04302ff812ba6e5bcfb.jpg,merge_to_one
pair_004,1,1,pass,2,15839,29063,0.5449884733165881,120.23265075683594,120.0,112.0,130.0,120.1897201538086,120.0,58,13581,0.8574404949807437,0.46729518631937517,pair_004_raw_png.rf.bf8ad0670b2ddba44de804f783ddc7a7.jpg,pair_004_infra_png.rf.b159fad312a1c04302ff812ba6e5bcfb.jpg,merge_to_one
pair_005,1,1,pass,1,13199,23546,0.5605623035759789,35.754905700683594,37.0,26.0,43.0,35.77452850341797,37.0,28,12872,0.975225395863323,0.5466745944109402,pair_005_raw_png.rf.92da4ee7ee1823abf6f55a7448fe75d2.jpg,pair_005_infra_png.rf.714cab1ab06e457ffae5b311f629e9b3.jpg,merge_to_one
pair_005,1,1,pass,2,10347,23546,0.4394376964240211,51.08698272705078,51.0,44.0,59.0,51.08243942260742,51.0,50,8691,0.8399536097419542,0.36910727936804555,pair_005_raw_png.rf.92da4ee7ee1823abf6f55a7448fe75d2.jpg,pair_005_infra_png.rf.714cab1ab06e457ffae5b311f629e9b3.jpg,merge_to_one
pair_006,1,1,pass,1,21611,37133,0.5819890663291412,54.06538391113281,54.0,43.0,67.0,53.97172546386719,54.0,38,21441,0.9921336356485123,0.577410928284814,pair_006_raw_png.rf.f409c7498bbd90cdae0508f9fcf3d5d9.jpg,pair_006_infra_png.rf.0b99e290142c63bd176e4c5e5d9436ec.jpg,raw_canny_multichannel
pair_006,1,1,pass,2,15522,37133,0.4180109336708588,85.09425354003906,85.0,72.0,99.0,85.07061004638672,85.0,31,15435,0.9943950521839969,0.41566800420111494,pair_006_raw_png.rf.f409c7498bbd90cdae0508f9fcf3d5d9.jpg,pair_006_infra_png.rf.0b99e290142c63bd176e4c5e5d9436ec.jpg,raw_canny_multichannel
pair_006,2,1,pass,1,12650,18062,0.7003654080389768,18.152807235717773,18.0,9.0,28.0,18.177865982055664,18.0,23,12484,0.9868774703557313,0.691174842210165,pair_006_raw_png.rf.f409c7498bbd90cdae0508f9fcf3d5d9.jpg,pair_006_infra_png.rf.0b99e290142c63bd176e4c5e5d9436ec.jpg,raw_canny_multichannel
pair_006,2,1,pass,2,5412,18062,0.29963459196102316,38.71803283691406,38.0,29.0,50.0,38.46045684814453,38.0,101,3914,0.7232076866223208,0.21669804008415458,pair_006_raw_png.rf.f409c7498bbd90cdae0508f9fcf3d5d9.jpg,pair_006_infra_png.rf.0b99e290142c63bd176e4c5e5d9436ec.jpg,raw_canny_multichannel
pair_007,1,1,pass,1,4710,8584,0.548695246971109,35.12144470214844,37.0,17.0,48.0,35.288108825683594,38.0,22,4536,0.9630573248407643,0.5284249767008388,pair_007_raw_png.rf.2caafe031e01aec9c5a356bcd065c8c8.jpg,pair_007_infra_png.rf.dfd9dd18142abe61c33d90f420eea441.jpg,merge_to_one
pair_007,1,1,pass,2,3874,8584,0.45130475302889095,61.83531188964844,62.0,49.0,77.0,61.6239013671875,62.0,52,2688,0.6938564790913784,0.3131407269338304,pair_007_raw_png.rf.2caafe031e01aec9c5a356bcd065c8c8.jpg,pair_007_infra_png.rf.dfd9dd18142abe61c33d90f420eea441.jpg,merge_to_one
pair_009,1,1,pass,1,5447,8331,0.6538230704597288,40.67798614501953,40.0,21.0,63.0,40.64530944824219,40.0,6,5438,0.9983477143381678,0.6527427679750331,pair_009_raw_png.rf.108261cb59747a61952774d136cc2b44.jpg,pair_009_infra_png.rf.f80bba86dfc5b4558ffe3882bcfb88cc.jpg,merge_to_one
pair_009,1,1,pass,2,2884,8331,0.3461769295402713,94.5787124633789,91.0,70.0,130.0,94.69486999511719,91.0,12,2567,0.8900832177531207,0.30812627535709997,pair_009_raw_png.rf.108261cb59747a61952774d136cc2b44.jpg,pair_009_infra_png.rf.f80bba86dfc5b4558ffe3882bcfb88cc.jpg,merge_to_one
pair_010,1,1,pass,1,10281,18555,0.5540824575586095,19.49314308166504,19.0,8.0,32.0,19.49032211303711,19.0,19,9860,0.9590506760042797,0.5313931554836971,pair_010_raw_png.rf.d4eeff25dccbeedaeb2843b954922c3b.jpg,pair_010_infra_png.rf.77d98e3849059fdb2291c0b46a9beed9.jpg,merge_to_one
pair_010,1,1,pass,2,8274,18555,0.4459175424413905,47.99673843383789,48.0,35.0,62.0,48.01982116699219,48.0,19,6928,0.837321730722746,0.37337644839665857,pair_010_raw_png.rf.d4eeff25dccbeedaeb2843b954922c3b.jpg,pair_010_infra_png.rf.77d98e3849059fdb2291c0b46a9beed9.jpg,merge_to_one
pair_011,1,1,pass,1,5644,10810,0.522109158186864,160.30545043945312,160.0,154.0,167.0,160.31219482421875,160.0,7,5584,0.9893692416725727,0.5165587419056429,pair_011_raw_png.rf.5265d4a8b08817dfa2b322bd35d5d3a0.jpg,pair_011_infra_png.rf.e5d9780f7acea2009f7c4d4d3d304838.jpg,raw_canny_multichannel
pair_011,1,1,pass,2,5166,10810,0.47789084181313596,177.2423553466797,175.0,169.0,195.0,177.27197265625,175.0,10,4957,0.95954316686024,0.4585568917668825,pair_011_raw_png.rf.5265d4a8b08817dfa2b322bd35d5d3a0.jpg,pair_011_infra_png.rf.e5d9780f7acea2009f7c4d4d3d304838.jpg,raw_canny_multichannel
pair_011,2,0,minority_frac_not_above_min,1,2646,3026,0.8744216787838731,193.1795196533203,194.0,181.0,202.0,193.19766235351562,194.0,1,2646,1.0,0.8744216787838731,pair_011_raw_png.rf.5265d4a8b08817dfa2b322bd35d5d3a0.jpg,pair_011_infra_png.rf.e5d9780f7acea2009f7c4d4d3d304838.jpg,raw_canny_multichannel
pair_011,2,0,minority_frac_not_above_min,2,380,3026,0.1255783212161269,218.13157653808594,218.0,207.0,230.0,218.12631225585938,218.0,1,380,1.0,0.1255783212161269,pair_011_raw_png.rf.5265d4a8b08817dfa2b322bd35d5d3a0.jpg,pair_011_infra_png.rf.e5d9780f7acea2009f7c4d4d3d304838.jpg,raw_canny_multichannel
pair_011,3,1,pass,1,6636,10550,0.6290047393364929,92.75211334228516,92.0,83.0,103.0,92.76718139648438,92.0,14,6429,0.9688065099457505,0.6093838862559242,pair_011_raw_png.rf.5265d4a8b08817dfa2b322bd35d5d3a0.jpg,pair_011_infra_png.rf.e5d9780f7acea2009f7c4d4d3d304838.jpg,raw_canny_multichannel
pair_011,3,1,pass,2,3914,10550,0.37099526066350713,116.27363586425781,113.0,105.0,140.0,116.34542846679688,113.0,14,3780,0.9657639243740419,0.3582938388625592,pair_011_raw_png.rf.5265d4a8b08817dfa2b322bd35d5d3a0.jpg,pair_011_infra_png.rf.e5d9780f7acea2009f7c4d4d3d304838.jpg,raw_canny_multichannel
pair_011,4,0,gray_delta_above_max,1,1043,1494,0.6981258366800536,150.27037048339844,149.0,130.0,173.0,150.5301971435547,149.0,2,1041,0.9980824544582934,0.6967871485943775,pair_011_raw_png.rf.5265d4a8b08817dfa2b322bd35d5d3a0.jpg,pair_011_infra_png.rf.e5d9780f7acea2009f7c4d4d3d304838.jpg,raw_canny_multichannel
pair_011,4,0,gray_delta_above_max,2,451,1494,0.30187416331994643,210.243896484375,211.0,182.0,235.0,210.05543518066406,210.0,5,427,0.9467849223946785,0.285809906291834,pair_011_raw_png.rf.5265d4a8b08817dfa2b322bd35d5d3a0.jpg,pair_011_infra_png.rf.e5d9780f7acea2009f7c4d4d3d304838.jpg,raw_canny_multichannel
pair_011,5,0,gray_delta_above_max,1,7479,9393,0.7962312360268284,34.62254333496094,30.0,11.0,83.0,34.760128021240234,30.0,1,7479,1.0,0.7962312360268284,pair_011_raw_png.rf.5265d4a8b08817dfa2b322bd35d5d3a0.jpg,pair_011_infra_png.rf.e5d9780f7acea2009f7c4d4d3d304838.jpg,raw_canny_multichannel
pair_011,5,0,gray_delta_above_max,2,1914,9393,0.2037687639731715,198.41693115234375,210.5,127.0,238.0,197.99111938476562,209.0,2,1902,0.9937304075235109,0.20249121686362184,pair_011_raw_png.rf.5265d4a8b08817dfa2b322bd35d5d3a0.jpg,pair_011_infra_png.rf.e5d9780f7acea2009f7c4d4d3d304838.jpg,raw_canny_multichannel
