method,raw_file,infra_file,raw_image_id,infra_image_id,raw_block,infra_block,reg_iou,decision,gt_regions,pred_regions,ari,cover_gt,cover_pred,boundary_precision,boundary_recall,boundary_f1,eval_area,raw_regions,infra_candidate_regions,raw_score,infra_score,auto_mask_iou
raw_v3_warp,pair_001_raw_png.rf.736e042afd62ff354ae7635e62e3b44d.jpg,pair_001_infra_png.rf.aab5c8107fca10679e8cd810b894d70f.jpg,18,13,1,1,0.8222029957280689,raw,2,2,0.6600009339867365,0.8677060270202476,0.8479673301271089,0.05037783375302172,0.05128205128191979,0.050825920719732506,15205,2,5,0.5899077377008143,0.38545726015854676,0.7999672703468906
merge_to_one,pair_001_raw_png.rf.736e042afd62ff354ae7635e62e3b44d.jpg,pair_001_infra_png.rf.aab5c8107fca10679e8cd810b894d70f.jpg,18,13,1,1,0.8222029957280689,one,2,1,0.0,0.7398481543642239,0.8463005590265247,0.0,0.0,0.0,15205,2,5,0.5899077377008143,0.38545726015854676,0.7999672703468906
infra_candidate,pair_001_raw_png.rf.736e042afd62ff354ae7635e62e3b44d.jpg,pair_001_infra_png.rf.aab5c8107fca10679e8cd810b894d70f.jpg,18,13,1,1,0.8222029957280689,infra,2,5,0.13001792477139248,0.4517941086507512,0.37519957066728016,0.07285382830623069,0.3358974358965746,0.11973743548497878,15205,2,5,0.5899077377008143,0.38545726015854676,0.7999672703468906
infra_candidate_coarse,pair_001_raw_png.rf.736e042afd62ff354ae7635e62e3b44d.jpg,pair_001_infra_png.rf.aab5c8107fca10679e8cd810b894d70f.jpg,18,13,1,1,0.8222029957280689,infra_coarse,2,3,0.33444329212384594,0.6873338574365639,0.5982003511664956,0.12188612099633284,0.3358974358965746,0.17886721708613884,15205,2,5,0.5899077377008143,0.38545726015854676,0.7999672703468906
infra_coarse_t2,pair_001_raw_png.rf.736e042afd62ff354ae7635e62e3b44d.jpg,pair_001_infra_png.rf.aab5c8107fca10679e8cd810b894d70f.jpg,18,13,1,1,0.8222029957280689,infra_t2,2,2,-0.1011674149985313,0.5937674979728481,0.5852826940027562,0.31590909090837294,0.3358974358965746,0.32559678090334987,15205,2,5,0.5899077377008143,0.38545726015854676,0.7999672703468906
infra_coarse_t3,pair_001_raw_png.rf.736e042afd62ff354ae7635e62e3b44d.jpg,pair_001_infra_png.rf.aab5c8107fca10679e8cd810b894d70f.jpg,18,13,1,1,0.8222029957280689,infra_t3,2,3,-0.11443412851774475,0.49973601317087873,0.44156766023492283,0.17820512820489973,0.3358974358965746,0.23286655111643403,15205,2,5,0.5899077377008143,0.38545726015854676,0.7999672703468906
infra_coarse_t4,pair_001_raw_png.rf.736e042afd62ff354ae7635e62e3b44d.jpg,pair_001_infra_png.rf.aab5c8107fca10679e8cd810b894d70f.jpg,18,13,1,1,0.8222029957280689,infra_t4,2,4,-0.10308991227869879,0.412912895211112,0.3302380652592372,0.12624886466836854,0.3358974358965746,0.18352054223244474,15205,2,5,0.5899077377008143,0.38545726015854676,0.7999672703468906
hybrid_raw_infra,pair_001_raw_png.rf.736e042afd62ff354ae7635e62e3b44d.jpg,pair_001_infra_png.rf.aab5c8107fca10679e8cd810b894d70f.jpg,18,13,1,1,0.8222029957280689,hybrid,2,2,0.8423676196625436,0.9401317411718725,0.9372456077402505,0.6052009456250468,0.6435897435880934,0.6238052933396173,15205,2,5,0.5899077377008143,0.38545726015854676,0.7999672703468906
raw_led_refined,pair_001_raw_png.rf.736e042afd62ff354ae7635e62e3b44d.jpg,pair_001_infra_png.rf.aab5c8107fca10679e8cd810b894d70f.jpg,18,13,1,1,0.8222029957280689,raw_led,2,2,0.6450022842383539,0.8615185568613921,0.8401265852025757,0.019851116625260914,0.020512820512767916,0.0201765442667922,15205,2,5,0.5899077377008143,0.38545726015854676,0.7999672703468906
raw_led_weakmerge,pair_001_raw_png.rf.736e042afd62ff354ae7635e62e3b44d.jpg,pair_001_infra_png.rf.aab5c8107fca10679e8cd810b894d70f.jpg,18,13,1,1,0.8222029957280689,raw_led_weakmerge,2,2,0.6450022842383539,0.8615185568613921,0.8401265852025757,0.019851116625260914,0.020512820512767916,0.0201765442667922,15205,2,5,0.5899077377008143,0.38545726015854676,0.7999672703468906
mean_shift_watershed,pair_001_raw_png.rf.736e042afd62ff354ae7635e62e3b44d.jpg,pair_001_infra_png.rf.aab5c8107fca10679e8cd810b894d70f.jpg,18,13,1,1,0.8222029957280689,watershed,2,2,0.6706325129521191,0.8720596482770514,0.8534584234095983,0.01790281329918695,0.017948717948671925,0.017925735735550317,15205,2,5,0.5899077377008143,0.38545726015854676,0.7999672703468906
watershed_raw_seed,pair_001_raw_png.rf.736e042afd62ff354ae7635e62e3b44d.jpg,pair_001_infra_png.rf.aab5c8107fca10679e8cd810b894d70f.jpg,18,13,1,1,0.8222029957280689,watershed_raw,2,2,0.6706325129521191,0.8720596482770514,0.8534584234095983,0.01790281329918695,0.017948717948671925,0.017925735735550317,15205,2,5,0.5899077377008143,0.38545726015854676,0.7999672703468906
watershed_raw_led_seed,pair_001_raw_png.rf.736e042afd62ff354ae7635e62e3b44d.jpg,pair_001_infra_png.rf.aab5c8107fca10679e8cd810b894d70f.jpg,18,13,1,1,0.8222029957280689,watershed_raw_led,2,2,0.6579380798749063,0.8668582477609258,0.8468955157146707,0.015424164524381943,0.015384615384575938,0.015404364069922781,15205,2,5,0.5899077377008143,0.38545726015854676,0.7999672703468906
raw_canny_vote3,pair_001_raw_png.rf.736e042afd62ff354ae7635e62e3b44d.jpg,pair_001_infra_png.rf.aab5c8107fca10679e8cd810b894d70f.jpg,18,13,1,1,0.8222029957280689,raw_canny_vote3,2,11,0.08411135567715584,0.4236735034780954,0.26642443478545697,0.06054490413717402,0.15384615384575936,0.08689355498921171,15205,2,5,0.5899077377008143,0.38545726015854676,0.7999672703468906
raw_canny_lcorr_closed,pair_001_raw_png.rf.736e042afd62ff354ae7635e62e3b44d.jpg,pair_001_infra_png.rf.aab5c8107fca10679e8cd810b894d70f.jpg,18,13,1,1,0.8222029957280689,raw_canny_lcorr_closed,2,2,0.6717970752380548,0.872534972410348,0.8540565846700102,0.013020833333299425,0.012820512820479947,0.012919896140823554,15205,2,5,0.5899077377008143,0.38545726015854676,0.7999672703468906
raw_canny_union_closed,pair_001_raw_png.rf.736e042afd62ff354ae7635e62e3b44d.jpg,pair_001_infra_png.rf.aab5c8107fca10679e8cd810b894d70f.jpg,18,13,1,1,0.8222029957280689,raw_canny_union_closed,2,1,0.0,0.7398481543642239,0.8463005590265247,0.0,0.0,0.0,15205,2,5,0.5899077377008143,0.38545726015854676,0.7999672703468906
raw_canny_recall_clean,pair_001_raw_png.rf.736e042afd62ff354ae7635e62e3b44d.jpg,pair_001_infra_png.rf.aab5c8107fca10679e8cd810b894d70f.jpg,18,13,1,1,0.8222029957280689,raw_canny_recall_clean,2,1,0.0,0.7398481543642239,0.8463005590265247,0.0,0.0,0.0,15205,2,5,0.5899077377008143,0.38545726015854676,0.7999672703468906
selective_hybrid_v4_smooth,pair_001_raw_png.rf.736e042afd62ff354ae7635e62e3b44d.jpg,pair_001_infra_png.rf.aab5c8107fca10679e8cd810b894d70f.jpg,18,13,1,1,0.8222029957280689,hybrid_raw_infra,2,2,0.8423676196625436,0.9401317411718725,0.9372456077402505,0.6052009456250468,0.6435897435880934,0.6238052933396173,15205,2,5,0.5899077377008143,0.38545726015854676,0.7999672703468906
raw_v3_warp,pair_002_raw_png.rf.0de21b8ce42bde32231d2b355a509ebc.jpg,pair_002_infra_png.rf.7326230b1a20f1a87b21231547936d2c.jpg,7,11,1,1,0.9449177097820775,raw,4,2,0.7866680846451174,0.8152977902078482,0.8596552167880553,0.284122562673699,0.33881578947312696,0.3090681763070951,32611,2,7,0.6006362950072579,0.8460221753154771,0.9443967490842221
merge_to_one,pair_002_raw_png.rf.0de21b8ce42bde32231d2b355a509ebc.jpg,pair_002_infra_png.rf.7326230b1a20f1a87b21231547936d2c.jpg,7,11,1,1,0.9449177097820775,one,4,1,0.0,0.6052158708892303,0.7599889607800583,0.0,0.0,0.0,32611,2,7,0.6006362950072579,0.8460221753154771,0.9443967490842221
infra_candidate,pair_002_raw_png.rf.0de21b8ce42bde32231d2b355a509ebc.jpg,pair_002_infra_png.rf.7326230b1a20f1a87b21231547936d2c.jpg,7,11,1,1,0.9449177097820775,infra,4,7,0.17620338208696174,0.3603496491953443,0.345274143070238,0.1965152813481301,0.722039473683023,0.3089457419574076,32611,2,7,0.6006362950072579,0.8460221753154771,0.9443967490842221
infra_candidate_coarse,pair_002_raw_png.rf.0de21b8ce42bde32231d2b355a509ebc.jpg,pair_002_infra_png.rf.7326230b1a20f1a87b21231547936d2c.jpg,7,11,1,1,0.9449177097820775,infra_coarse,4,4,0.22879274826597287,0.39351077564946607,0.39286826180820233,0.24783861671460813,0.722039473683023,0.3690139326955441,32611,2,7,0.6006362950072579,0.8460221753154771,0.9443967490842221
infra_coarse_t2,pair_002_raw_png.rf.0de21b8ce42bde32231d2b355a509ebc.jpg,pair_002_infra_png.rf.7326230b1a20f1a87b21231547936d2c.jpg,7,11,1,1,0.9449177097820775,infra_t2,4,2,-0.12476644093418839,0.4393925782860112,0.47829716427102154,0.08247422680403868,0.10526315789456371,0.09248554864019512,32611,2,7,0.6006362950072579,0.8460221753154771,0.9443967490842221
infra_coarse_t3,pair_002_raw_png.rf.0de21b8ce42bde32231d2b355a509ebc.jpg,pair_002_infra_png.rf.7326230b1a20f1a87b21231547936d2c.jpg,7,11,1,1,0.9449177097820775,infra_t3,4,3,0.38446853434795913,0.598399685240445,0.5469945492852054,0.19159200551330696,0.4358552631571779,0.26617817310980973,32611,2,7,0.6006362950072579,0.8460221753154771,0.9443967490842221
infra_coarse_t4,pair_002_raw_png.rf.0de21b8ce42bde32231d2b355a509ebc.jpg,pair_002_infra_png.rf.7326230b1a20f1a87b21231547936d2c.jpg,7,11,1,1,0.9449177097820775,infra_t4,4,4,0.2346650978839421,0.4676874705508501,0.4067271817488866,0.12231503579948619,0.539473684209639,0.19941634211101295,32611,2,7,0.6006362950072579,0.8460221753154771,0.9443967490842221
hybrid_raw_infra,pair_002_raw_png.rf.0de21b8ce42bde32231d2b355a509ebc.jpg,pair_002_infra_png.rf.7326230b1a20f1a87b21231547936d2c.jpg,7,11,1,1,0.9449177097820775,hybrid,4,2,0.8547340491003426,0.842190240615959,0.8783352833058312,0.6589473684196654,0.5148026315781007,0.5780240068933616,32611,2,7,0.6006362950072579,0.8460221753154771,0.9443967490842221
raw_led_refined,pair_002_raw_png.rf.0de21b8ce42bde32231d2b355a509ebc.jpg,pair_002_infra_png.rf.7326230b1a20f1a87b21231547936d2c.jpg,7,11,1,1,0.9449177097820775,raw_led,4,3,0.748385635059314,0.7966618616890816,0.7819119921003524,0.3833333333329575,0.621710526314767,0.47425267244920927,32611,2,7,0.6006362950072579,0.8460221753154771,0.9443967490842221
raw_led_weakmerge,pair_002_raw_png.rf.0de21b8ce42bde32231d2b355a509ebc.jpg,pair_002_infra_png.rf.7326230b1a20f1a87b21231547936d2c.jpg,7,11,1,1,0.9449177097820775,raw_led_weakmerge,4,3,0.748385635059314,0.7966618616890816,0.7819119921003524,0.3833333333329575,0.621710526314767,0.47425267244920927,32611,2,7,0.6006362950072579,0.8460221753154771,0.9443967490842221
mean_shift_watershed,pair_002_raw_png.rf.0de21b8ce42bde32231d2b355a509ebc.jpg,pair_002_infra_png.rf.7326230b1a20f1a87b21231547936d2c.jpg,7,11,1,1,0.9449177097820775,watershed,4,2,0.8108938479946538,0.8243605069836089,0.8663765574449279,0.39834710743735813,0.38980263157830625,0.39402855289301336,32611,2,7,0.6006362950072579,0.8460221753154771,0.9443967490842221
watershed_raw_seed,pair_002_raw_png.rf.0de21b8ce42bde32231d2b355a509ebc.jpg,pair_002_infra_png.rf.7326230b1a20f1a87b21231547936d2c.jpg,7,11,1,1,0.9449177097820775,watershed_raw,4,2,0.8108938479946538,0.8243605069836089,0.8663765574449279,0.39834710743735813,0.38980263157830625,0.39402855289301336,32611,2,7,0.6006362950072579,0.8460221753154771,0.9443967490842221
watershed_raw_led_seed,pair_002_raw_png.rf.0de21b8ce42bde32231d2b355a509ebc.jpg,pair_002_infra_png.rf.7326230b1a20f1a87b21231547936d2c.jpg,7,11,1,1,0.9449177097820775,watershed_raw_led,4,3,0.7554926203741325,0.7998788378901298,0.7827600566584899,0.4376278118604932,0.6348684210515874,0.5181110555711442,32611,2,7,0.6006362950072579,0.8460221753154771,0.9443967490842221
raw_canny_vote3,pair_002_raw_png.rf.0de21b8ce42bde32231d2b355a509ebc.jpg,pair_002_infra_png.rf.7326230b1a20f1a87b21231547936d2c.jpg,7,11,1,1,0.9449177097820775,raw_canny_vote3,4,4,0.9200399907168486,0.9426924415847701,0.9448241621576361,0.6247818499116496,0.5921052631569209,0.6080048303260437,32611,2,7,0.6006362950072579,0.8460221753154771,0.9443967490842221
raw_canny_lcorr_closed,pair_002_raw_png.rf.0de21b8ce42bde32231d2b355a509ebc.jpg,pair_002_infra_png.rf.7326230b1a20f1a87b21231547936d2c.jpg,7,11,1,1,0.9449177097820775,raw_canny_lcorr_closed,4,4,0.3666975511493515,0.6125716502769197,0.57690583080267,0.4185022026425573,0.47532894736763925,0.44510914892214565,32611,2,7,0.6006362950072579,0.8460221753154771,0.9443967490842221
raw_canny_union_closed,pair_002_raw_png.rf.0de21b8ce42bde32231d2b355a509ebc.jpg,pair_002_infra_png.rf.7326230b1a20f1a87b21231547936d2c.jpg,7,11,1,1,0.9449177097820775,raw_canny_union_closed,4,5,0.3772094993603973,0.5926501853208985,0.5352647443114521,0.31370192307654604,0.4259868421045625,0.36132194426429065,32611,2,7,0.6006362950072579,0.8460221753154771,0.9443967490842221
raw_canny_recall_clean,pair_002_raw_png.rf.0de21b8ce42bde32231d2b355a509ebc.jpg,pair_002_infra_png.rf.7326230b1a20f1a87b21231547936d2c.jpg,7,11,1,1,0.9449177097820775,raw_canny_recall_clean,4,5,0.41804011542255065,0.6462619978039341,0.581728014372827,0.387261146496322,0.49999999999917766,0.43646805406595285,32611,2,7,0.6006362950072579,0.8460221753154771,0.9443967490842221
selective_hybrid_v4_smooth,pair_002_raw_png.rf.0de21b8ce42bde32231d2b355a509ebc.jpg,pair_002_infra_png.rf.7326230b1a20f1a87b21231547936d2c.jpg,7,11,1,1,0.9449177097820775,raw_canny_multichannel,4,4,0.9200399907168486,0.9426924415847701,0.9448241621576361,0.6247818499116496,0.5921052631569209,0.6080048303260437,32611,2,7,0.6006362950072579,0.8460221753154771,0.9443967490842221
raw_v3_warp,pair_003_raw_png.rf.1a1932f6e5738ebd6ba2ff488ecf72b7.jpg,pair_003_infra_png.rf.d1dad70341604e75e9730a67bbc89c6d.jpg,9,10,1,1,0.8380258519388758,raw,5,5,0.16316174037107806,0.41585521591376995,0.43082158792917785,0.13385464581410586,0.2520035618875761,0.17484063710270142,35658,5,10,1.0495960641503073,0.5872272432621392,0.8231514929809132
merge_to_one,pair_003_raw_png.rf.1a1932f6e5738ebd6ba2ff488ecf72b7.jpg,pair_003_infra_png.rf.d1dad70341604e75e9730a67bbc89c6d.jpg,9,10,1,1,0.8380258519388758,one,5,1,0.0,0.3942818499151144,0.5681754445005011,0.0,0.0,0.0,35658,5,10,1.0495960641503073,0.5872272432621392,0.8231514929809132
infra_candidate,pair_003_raw_png.rf.1a1932f6e5738ebd6ba2ff488ecf72b7.jpg,pair_003_infra_png.rf.d1dad70341604e75e9730a67bbc89c6d.jpg,9,10,1,1,0.8380258519388758,infra,5,10,0.23742638318721426,0.4487273213200723,0.37966688878081983,0.15812758669899268,0.7818343722165789,0.26305231009142993,35658,5,10,1.0495960641503073,0.5872272432621392,0.8231514929809132
infra_candidate_coarse,pair_003_raw_png.rf.1a1932f6e5738ebd6ba2ff488ecf72b7.jpg,pair_003_infra_png.rf.d1dad70341604e75e9730a67bbc89c6d.jpg,9,10,1,1,0.8380258519388758,infra_coarse,5,5,0.21066263672828067,0.4089849310622668,0.4047851387947361,0.1442958847021802,0.633125556544405,0.23502673670829388,35658,5,10,1.0495960641503073,0.5872272432621392,0.8231514929809132
infra_coarse_t2,pair_003_raw_png.rf.1a1932f6e5738ebd6ba2ff488ecf72b7.jpg,pair_003_infra_png.rf.d1dad70341604e75e9730a67bbc89c6d.jpg,9,10,1,1,0.8380258519388758,infra_t2,5,2,0.02897950926918204,0.3978931288218587,0.4039991277628869,0.1622232263894432,0.2858414959926217,0.20697960493697856,35658,5,10,1.0495960641503073,0.5872272432621392,0.8231514929809132
infra_coarse_t3,pair_003_raw_png.rf.1a1932f6e5738ebd6ba2ff488ecf72b7.jpg,pair_003_infra_png.rf.d1dad70341604e75e9730a67bbc89c6d.jpg,9,10,1,1,0.8380258519388758,infra_t3,5,3,0.09558598824076324,0.41769743809702015,0.4257277665695082,0.14546191247968174,0.2858414959926217,0.1928065012238679,35658,5,10,1.0495960641503073,0.5872272432621392,0.8231514929809132
infra_coarse_t4,pair_003_raw_png.rf.1a1932f6e5738ebd6ba2ff488ecf72b7.jpg,pair_003_infra_png.rf.d1dad70341604e75e9730a67bbc89c6d.jpg,9,10,1,1,0.8380258519388758,infra_t4,5,4,0.1350748322025464,0.4154633139681556,0.34479763368455085,0.16816894154000306,0.4915405164732934,0.2506007675044542,35658,5,10,1.0495960641503073,0.5872272432621392,0.8231514929809132
hybrid_raw_infra,pair_003_raw_png.rf.1a1932f6e5738ebd6ba2ff488ecf72b7.jpg,pair_003_infra_png.rf.d1dad70341604e75e9730a67bbc89c6d.jpg,9,10,1,1,0.8380258519388758,hybrid,5,5,0.15267570513758102,0.4440005596911011,0.44764485947379473,0.18657683337647407,0.585040071237235,0.2829251746447241,35658,5,10,1.0495960641503073,0.5872272432621392,0.8231514929809132
raw_led_refined,pair_003_raw_png.rf.1a1932f6e5738ebd6ba2ff488ecf72b7.jpg,pair_003_infra_png.rf.d1dad70341604e75e9730a67bbc89c6d.jpg,9,10,1,1,0.8380258519388758,raw_led,5,8,0.3324936142621854,0.552947376621802,0.49361195125818985,0.20162016201614114,0.5645592163841812,0.29712760153940626,35658,5,10,1.0495960641503073,0.5872272432621392,0.8231514929809132
raw_led_weakmerge,pair_003_raw_png.rf.1a1932f6e5738ebd6ba2ff488ecf72b7.jpg,pair_003_infra_png.rf.d1dad70341604e75e9730a67bbc89c6d.jpg,9,10,1,1,0.8380258519388758,raw_led_weakmerge,5,5,0.5290243893796428,0.6816423103444244,0.6706892355240409,0.266878474980037,0.5645592163841812,0.36242932955349666,35658,5,10,1.0495960641503073,0.5872272432621392,0.8231514929809132
mean_shift_watershed,pair_003_raw_png.rf.1a1932f6e5738ebd6ba2ff488ecf72b7.jpg,pair_003_infra_png.rf.d1dad70341604e75e9730a67bbc89c6d.jpg,9,10,1,1,0.8380258519388758,watershed,5,5,0.165486943542076,0.4135189776022503,0.4292501431050754,0.17314487632500095,0.30186999109501167,0.22006571056702057,35658,5,10,1.0495960641503073,0.5872272432621392,0.8231514929809132
watershed_raw_seed,pair_003_raw_png.rf.1a1932f6e5738ebd6ba2ff488ecf72b7.jpg,pair_003_infra_png.rf.d1dad70341604e75e9730a67bbc89c6d.jpg,9,10,1,1,0.8380258519388758,watershed_raw,5,5,0.165486943542076,0.4135189776022503,0.4292501431050754,0.17314487632500095,0.30186999109501167,0.22006571056702057,35658,5,10,1.0495960641503073,0.5872272432621392,0.8231514929809132
watershed_raw_led_seed,pair_003_raw_png.rf.1a1932f6e5738ebd6ba2ff488ecf72b7.jpg,pair_003_infra_png.rf.d1dad70341604e75e9730a67bbc89c6d.jpg,9,10,1,1,0.8380258519388758,watershed_raw_led,5,8,0.3339584905240753,0.5523100580133572,0.49277214748406184,0.2146783058518543,0.5520926090823223,0.30914658740472506,35658,5,10,1.0495960641503073,0.5872272432621392,0.8231514929809132
raw_canny_vote3,pair_003_raw_png.rf.1a1932f6e5738ebd6ba2ff488ecf72b7.jpg,pair_003_infra_png.rf.d1dad70341604e75e9730a67bbc89c6d.jpg,9,10,1,1,0.8380258519388758,raw_canny_vote3,5,11,0.648172319443389,0.7550892942705691,0.6591244486068669,0.476022566995433,0.5948352626886956,0.5288377234979531,35658,5,10,1.0495960641503073,0.5872272432621392,0.8231514929809132
raw_canny_lcorr_closed,pair_003_raw_png.rf.1a1932f6e5738ebd6ba2ff488ecf72b7.jpg,pair_003_infra_png.rf.d1dad70341604e75e9730a67bbc89c6d.jpg,9,10,1,1,0.8380258519388758,raw_canny_lcorr_closed,5,5,0.8028553830607944,0.8344546595446752,0.867211614333779,0.592929292928694,0.5164737310770111,0.5520670077173475,35658,5,10,1.0495960641503073,0.5872272432621392,0.8231514929809132
raw_canny_union_closed,pair_003_raw_png.rf.1a1932f6e5738ebd6ba2ff488ecf72b7.jpg,pair_003_infra_png.rf.d1dad70341604e75e9730a67bbc89c6d.jpg,9,10,1,1,0.8380258519388758,raw_canny_union_closed,5,10,0.4891783446981264,0.611399902267062,0.48922760582759767,0.30774278215202905,0.42119323241280393,0.35563938232873304,35658,5,10,1.0495960641503073,0.5872272432621392,0.8231514929809132
raw_canny_recall_clean,pair_003_raw_png.rf.1a1932f6e5738ebd6ba2ff488ecf72b7.jpg,pair_003_infra_png.rf.d1dad70341604e75e9730a67bbc89c6d.jpg,9,10,1,1,0.8380258519388758,raw_canny_recall_clean,5,18,0.15996673570991035,0.3064749777853278,0.23019074042634666,0.1973684210525529,0.44968833481705284,0.27433227662431825,35658,5,10,1.0495960641503073,0.5872272432621392,0.8231514929809132
selective_hybrid_v4_smooth,pair_003_raw_png.rf.1a1932f6e5738ebd6ba2ff488ecf72b7.jpg,pair_003_infra_png.rf.d1dad70341604e75e9730a67bbc89c6d.jpg,9,10,1,1,0.8380258519388758,raw_canny_multichannel,5,5,0.8028553830607944,0.8344546595446752,0.867211614333779,0.592929292928694,0.5164737310770111,0.5520670077173475,35658,5,10,1.0495960641503073,0.5872272432621392,0.8231514929809132
raw_v3_warp,pair_004_raw_png.rf.bf8ad0670b2ddba44de804f783ddc7a7.jpg,pair_004_infra_png.rf.b159fad312a1c04302ff812ba6e5bcfb.jpg,5,4,1,1,0.7913755485278422,raw,1,3,0.0,0.5056225024007617,0.40587275512997895,0.0,0.0,0.0,32281,3,6,0.7837311715033087,0.474412704791463,0.791896085694244
merge_to_one,pair_004_raw_png.rf.bf8ad0670b2ddba44de804f783ddc7a7.jpg,pair_004_infra_png.rf.b159fad312a1c04302ff812ba6e5bcfb.jpg,5,4,1,1,0.7913755485278422,one,1,1,1.0,0.999999999999938,0.999999999999938,1.0,1.0,1.0,32281,3,6,0.7837311715033087,0.474412704791463,0.791896085694244
infra_candidate,pair_004_raw_png.rf.bf8ad0670b2ddba44de804f783ddc7a7.jpg,pair_004_infra_png.rf.b159fad312a1c04302ff812ba6e5bcfb.jpg,5,4,1,1,0.7913755485278422,infra,1,6,0.0,0.3521885939097084,0.3004625197497838,0.0,0.0,0.0,32281,3,6,0.7837311715033087,0.474412704791463,0.791896085694244
infra_candidate_coarse,pair_004_raw_png.rf.bf8ad0670b2ddba44de804f783ddc7a7.jpg,pair_004_infra_png.rf.b159fad312a1c04302ff812ba6e5bcfb.jpg,5,4,1,1,0.7913755485278422,infra_coarse,1,3,0.0,0.39648709767352946,0.3393473755756857,0.0,0.0,0.0,32281,3,6,0.7837311715033087,0.474412704791463,0.791896085694244
infra_coarse_t2,pair_004_raw_png.rf.bf8ad0670b2ddba44de804f783ddc7a7.jpg,pair_004_infra_png.rf.b159fad312a1c04302ff812ba6e5bcfb.jpg,5,4,1,1,0.7913755485278422,infra_t2,1,2,0.0,0.7455469161425764,0.6205865760542658,0.0,0.0,0.0,32281,3,6,0.7837311715033087,0.474412704791463,0.791896085694244
infra_coarse_t3,pair_004_raw_png.rf.bf8ad0670b2ddba44de804f783ddc7a7.jpg,pair_004_infra_png.rf.b159fad312a1c04302ff812ba6e5bcfb.jpg,5,4,1,1,0.7913755485278422,infra_t3,1,3,0.0,0.577150645890736,0.42620654377137246,0.0,0.0,0.0,32281,3,6,0.7837311715033087,0.474412704791463,0.791896085694244
infra_coarse_t4,pair_004_raw_png.rf.bf8ad0670b2ddba44de804f783ddc7a7.jpg,pair_004_infra_png.rf.b159fad312a1c04302ff812ba6e5bcfb.jpg,5,4,1,1,0.7913755485278422,infra_t4,1,4,0.0,0.4803444750781896,0.3332059251648024,0.0,0.0,0.0,32281,3,6,0.7837311715033087,0.474412704791463,0.791896085694244
hybrid_raw_infra,pair_004_raw_png.rf.bf8ad0670b2ddba44de804f783ddc7a7.jpg,pair_004_infra_png.rf.b159fad312a1c04302ff812ba6e5bcfb.jpg,5,4,1,1,0.7913755485278422,hybrid,1,3,0.0,0.5695610420990322,0.41703880213047223,0.0,0.0,0.0,32281,3,6,0.7837311715033087,0.474412704791463,0.791896085694244
raw_led_refined,pair_004_raw_png.rf.bf8ad0670b2ddba44de804f783ddc7a7.jpg,pair_004_infra_png.rf.b159fad312a1c04302ff812ba6e5bcfb.jpg,5,4,1,1,0.7913755485278422,raw_led,1,4,0.0,0.5069855332858024,0.4068624419709835,0.0,0.0,0.0,32281,3,6,0.7837311715033087,0.474412704791463,0.791896085694244
raw_led_weakmerge,pair_004_raw_png.rf.bf8ad0670b2ddba44de804f783ddc7a7.jpg,pair_004_infra_png.rf.b159fad312a1c04302ff812ba6e5bcfb.jpg,5,4,1,1,0.7913755485278422,raw_led_weakmerge,1,3,0.0,0.5069855332858024,0.49169541589720533,0.0,0.0,0.0,32281,3,6,0.7837311715033087,0.474412704791463,0.791896085694244
mean_shift_watershed,pair_004_raw_png.rf.bf8ad0670b2ddba44de804f783ddc7a7.jpg,pair_004_infra_png.rf.b159fad312a1c04302ff812ba6e5bcfb.jpg,5,4,1,1,0.7913755485278422,watershed,1,4,0.0,0.49871441405157835,0.4053187022352806,0.0,0.0,0.0,32281,3,6,0.7837311715033087,0.474412704791463,0.791896085694244
watershed_raw_seed,pair_004_raw_png.rf.bf8ad0670b2ddba44de804f783ddc7a7.jpg,pair_004_infra_png.rf.b159fad312a1c04302ff812ba6e5bcfb.jpg,5,4,1,1,0.7913755485278422,watershed_raw,1,3,0.0,0.49704160341993764,0.40411953668889095,0.0,0.0,0.0,32281,3,6,0.7837311715033087,0.474412704791463,0.791896085694244
watershed_raw_led_seed,pair_004_raw_png.rf.bf8ad0670b2ddba44de804f783ddc7a7.jpg,pair_004_infra_png.rf.b159fad312a1c04302ff812ba6e5bcfb.jpg,5,4,1,1,0.7913755485278422,watershed_raw_led,1,4,0.0,0.49871441405157835,0.4053187022352806,0.0,0.0,0.0,32281,3,6,0.7837311715033087,0.474412704791463,0.791896085694244
raw_canny_vote3,pair_004_raw_png.rf.bf8ad0670b2ddba44de804f783ddc7a7.jpg,pair_004_infra_png.rf.b159fad312a1c04302ff812ba6e5bcfb.jpg,5,4,1,1,0.7913755485278422,raw_canny_vote3,1,1,1.0,0.999999999999938,0.999999999999938,1.0,1.0,1.0,32281,3,6,0.7837311715033087,0.474412704791463,0.791896085694244
raw_canny_lcorr_closed,pair_004_raw_png.rf.bf8ad0670b2ddba44de804f783ddc7a7.jpg,pair_004_infra_png.rf.b159fad312a1c04302ff812ba6e5bcfb.jpg,5,4,1,1,0.7913755485278422,raw_canny_lcorr_closed,1,1,1.0,0.999999999999938,0.999999999999938,1.0,1.0,1.0,32281,3,6,0.7837311715033087,0.474412704791463,0.791896085694244
raw_canny_union_closed,pair_004_raw_png.rf.bf8ad0670b2ddba44de804f783ddc7a7.jpg,pair_004_infra_png.rf.b159fad312a1c04302ff812ba6e5bcfb.jpg,5,4,1,1,0.7913755485278422,raw_canny_union_closed,1,5,0.0,0.608562312195991,0.4199514841022863,0.0,0.0,0.0,32281,3,6,0.7837311715033087,0.474412704791463,0.791896085694244
raw_canny_recall_clean,pair_004_raw_png.rf.bf8ad0670b2ddba44de804f783ddc7a7.jpg,pair_004_infra_png.rf.b159fad312a1c04302ff812ba6e5bcfb.jpg,5,4,1,1,0.7913755485278422,raw_canny_recall_clean,1,18,0.0,0.15634583810909475,0.09046242168470486,0.0,0.0,0.0,32281,3,6,0.7837311715033087,0.474412704791463,0.791896085694244
selective_hybrid_v4_smooth,pair_004_raw_png.rf.bf8ad0670b2ddba44de804f783ddc7a7.jpg,pair_004_infra_png.rf.b159fad312a1c04302ff812ba6e5bcfb.jpg,5,4,1,1,0.7913755485278422,merge_to_one,1,1,1.0,0.999999999999938,0.999999999999938,1.0,1.0,1.0,32281,3,6,0.7837311715033087,0.474412704791463,0.791896085694244
raw_v3_warp,pair_005_raw_png.rf.92da4ee7ee1823abf6f55a7448fe75d2.jpg,pair_005_infra_png.rf.714cab1ab06e457ffae5b311f629e9b3.jpg,16,1,1,1,0.9053902856390382,raw,1,6,0.0,0.6818594846072269,0.49264404264811407,0.0,0.0,0.0,27513,6,5,0.8644579359817604,0.526581032793952,0.9039549881547478
merge_to_one,pair_005_raw_png.rf.92da4ee7ee1823abf6f55a7448fe75d2.jpg,pair_005_infra_png.rf.714cab1ab06e457ffae5b311f629e9b3.jpg,16,1,1,1,0.9053902856390382,one,1,1,1.0,0.9999999999999273,0.9999999999999273,1.0,1.0,1.0,27513,6,5,0.8644579359817604,0.526581032793952,0.9039549881547478
infra_candidate,pair_005_raw_png.rf.92da4ee7ee1823abf6f55a7448fe75d2.jpg,pair_005_infra_png.rf.714cab1ab06e457ffae5b311f629e9b3.jpg,16,1,1,1,0.9053902856390382,infra,1,5,0.0,0.33028023116342603,0.2838413123867055,0.0,0.0,0.0,27513,6,5,0.8644579359817604,0.526581032793952,0.9039549881547478
infra_candidate_coarse,pair_005_raw_png.rf.92da4ee7ee1823abf6f55a7448fe75d2.jpg,pair_005_infra_png.rf.714cab1ab06e457ffae5b311f629e9b3.jpg,16,1,1,1,0.9053902856390382,infra_coarse,1,3,0.0,0.41943808381489334,0.34765425910895625,0.0,0.0,0.0,27513,6,5,0.8644579359817604,0.526581032793952,0.9039549881547478
infra_coarse_t2,pair_005_raw_png.rf.92da4ee7ee1823abf6f55a7448fe75d2.jpg,pair_005_infra_png.rf.714cab1ab06e457ffae5b311f629e9b3.jpg,16,1,1,1,0.9053902856390382,infra_t2,1,2,0.0,0.7956238868897761,0.6747869649996576,0.0,0.0,0.0,27513,6,5,0.8644579359817604,0.526581032793952,0.9039549881547478
infra_coarse_t3,pair_005_raw_png.rf.92da4ee7ee1823abf6f55a7448fe75d2.jpg,pair_005_infra_png.rf.714cab1ab06e457ffae5b311f629e9b3.jpg,16,1,1,1,0.9053902856390382,infra_t3,1,3,0.0,0.6826227601496977,0.5205126829289701,0.0,0.0,0.0,27513,6,5,0.8644579359817604,0.526581032793952,0.9039549881547478
infra_coarse_t4,pair_005_raw_png.rf.92da4ee7ee1823abf6f55a7448fe75d2.jpg,pair_005_infra_png.rf.714cab1ab06e457ffae5b311f629e9b3.jpg,16,1,1,1,0.9053902856390382,infra_t4,1,4,0.0,0.5761276487478229,0.3978031266587619,0.0,0.0,0.0,27513,6,5,0.8644579359817604,0.526581032793952,0.9039549881547478
hybrid_raw_infra,pair_005_raw_png.rf.92da4ee7ee1823abf6f55a7448fe75d2.jpg,pair_005_infra_png.rf.714cab1ab06e457ffae5b311f629e9b3.jpg,16,1,1,1,0.9053902856390382,hybrid,1,6,0.0,0.3881801330279949,0.2754057802625062,0.0,0.0,0.0,27513,6,5,0.8644579359817604,0.526581032793952,0.9039549881547478
raw_led_refined,pair_005_raw_png.rf.92da4ee7ee1823abf6f55a7448fe75d2.jpg,pair_005_infra_png.rf.714cab1ab06e457ffae5b311f629e9b3.jpg,16,1,1,1,0.9053902856390382,raw_led,1,8,0.0,0.6902191691200021,0.49527995257067464,0.0,0.0,0.0,27513,6,5,0.8644579359817604,0.526581032793952,0.9039549881547478
raw_led_weakmerge,pair_005_raw_png.rf.92da4ee7ee1823abf6f55a7448fe75d2.jpg,pair_005_infra_png.rf.714cab1ab06e457ffae5b311f629e9b3.jpg,16,1,1,1,0.9053902856390382,raw_led_weakmerge,1,7,0.0,0.7077018136880232,0.5194136653861962,0.0,0.0,0.0,27513,6,5,0.8644579359817604,0.526581032793952,0.9039549881547478
mean_shift_watershed,pair_005_raw_png.rf.92da4ee7ee1823abf6f55a7448fe75d2.jpg,pair_005_infra_png.rf.714cab1ab06e457ffae5b311f629e9b3.jpg,16,1,1,1,0.9053902856390382,watershed,1,6,0.0,0.6685203358411901,0.47752898257855464,0.0,0.0,0.0,27513,6,5,0.8644579359817604,0.526581032793952,0.9039549881547478
watershed_raw_seed,pair_005_raw_png.rf.92da4ee7ee1823abf6f55a7448fe75d2.jpg,pair_005_infra_png.rf.714cab1ab06e457ffae5b311f629e9b3.jpg,16,1,1,1,0.9053902856390382,watershed_raw,1,6,0.0,0.6685203358411901,0.47752898257855464,0.0,0.0,0.0,27513,6,5,0.8644579359817604,0.526581032793952,0.9039549881547478
watershed_raw_led_seed,pair_005_raw_png.rf.92da4ee7ee1823abf6f55a7448fe75d2.jpg,pair_005_infra_png.rf.714cab1ab06e457ffae5b311f629e9b3.jpg,16,1,1,1,0.9053902856390382,watershed_raw_led,1,8,0.0,0.6768800203539652,0.47913331795584063,0.0,0.0,0.0,27513,6,5,0.8644579359817604,0.526581032793952,0.9039549881547478
raw_canny_vote3,pair_005_raw_png.rf.92da4ee7ee1823abf6f55a7448fe75d2.jpg,pair_005_infra_png.rf.714cab1ab06e457ffae5b311f629e9b3.jpg,16,1,1,1,0.9053902856390382,raw_canny_vote3,1,1,1.0,0.9999999999999273,0.9999999999999273,1.0,1.0,1.0,27513,6,5,0.8644579359817604,0.526581032793952,0.9039549881547478
raw_canny_lcorr_closed,pair_005_raw_png.rf.92da4ee7ee1823abf6f55a7448fe75d2.jpg,pair_005_infra_png.rf.714cab1ab06e457ffae5b311f629e9b3.jpg,16,1,1,1,0.9053902856390382,raw_canny_lcorr_closed,1,1,1.0,0.9999999999999273,0.9999999999999273,1.0,1.0,1.0,27513,6,5,0.8644579359817604,0.526581032793952,0.9039549881547478
raw_canny_union_closed,pair_005_raw_png.rf.92da4ee7ee1823abf6f55a7448fe75d2.jpg,pair_005_infra_png.rf.714cab1ab06e457ffae5b311f629e9b3.jpg,16,1,1,1,0.9053902856390382,raw_canny_union_closed,1,3,0.0,0.9127321629774352,0.8369071536499639,0.0,0.0,0.0,27513,6,5,0.8644579359817604,0.526581032793952,0.9039549881547478
raw_canny_recall_clean,pair_005_raw_png.rf.92da4ee7ee1823abf6f55a7448fe75d2.jpg,pair_005_infra_png.rf.714cab1ab06e457ffae5b311f629e9b3.jpg,16,1,1,1,0.9053902856390382,raw_canny_recall_clean,1,14,0.0,0.24075891396792493,0.12620520588311646,0.0,0.0,0.0,27513,6,5,0.8644579359817604,0.526581032793952,0.9039549881547478
selective_hybrid_v4_smooth,pair_005_raw_png.rf.92da4ee7ee1823abf6f55a7448fe75d2.jpg,pair_005_infra_png.rf.714cab1ab06e457ffae5b311f629e9b3.jpg,16,1,1,1,0.9053902856390382,merge_to_one,1,1,1.0,0.9999999999999273,0.9999999999999273,1.0,1.0,1.0,27513,6,5,0.8644579359817604,0.526581032793952,0.9039549881547478
raw_v3_warp,pair_006_raw_png.rf.f409c7498bbd90cdae0508f9fcf3d5d9.jpg,pair_006_infra_png.rf.0b99e290142c63bd176e4c5e5d9436ec.jpg,0,6,1,1,0.9056141067935523,raw,2,4,0.023198474051601144,0.6024279286125178,0.6921706828512807,0.025641025640998245,0.046709129511578115,0.033107599241371743,62040,4,5,1.2947800518246673,0.5124742993946589,0.9719137434631738
merge_to_one,pair_006_raw_png.rf.f409c7498bbd90cdae0508f9fcf3d5d9.jpg,pair_006_infra_png.rf.0b99e290142c63bd176e4c5e5d9436ec.jpg,0,6,1,1,0.9056141067935523,one,2,1,0.0,0.6185100958138744,0.7434235976788929,0.0,0.0,0.0,62040,4,5,1.2947800518246673,0.5124742993946589,0.9719137434631738
infra_candidate,pair_006_raw_png.rf.f409c7498bbd90cdae0508f9fcf3d5d9.jpg,pair_006_infra_png.rf.0b99e290142c63bd176e4c5e5d9436ec.jpg,0,6,1,1,0.9056141067935523,infra,2,5,0.06248361989624404,0.357746972284847,0.3245606640842608,0.03665207877461205,0.43312101910736067,0.06758490747573294,62040,4,5,1.2947800518246673,0.5124742993946589,0.9719137434631738
infra_candidate_coarse,pair_006_raw_png.rf.f409c7498bbd90cdae0508f9fcf3d5d9.jpg,pair_006_infra_png.rf.0b99e290142c63bd176e4c5e5d9436ec.jpg,0,6,1,1,0.9056141067935523,infra_coarse,2,3,0.048308959824045976,0.3712117618070461,0.35187361078386803,0.04052010885998782,0.43312101910736067,0.0741072080545141,62040,4,5,1.2947800518246673,0.5124742993946589,0.9719137434631738
infra_coarse_t2,pair_006_raw_png.rf.f409c7498bbd90cdae0508f9fcf3d5d9.jpg,pair_006_infra_png.rf.0b99e290142c63bd176e4c5e5d9436ec.jpg,0,6,1,1,0.9056141067935523,infra_t2,2,2,0.7035895030944801,0.8620622137292144,0.8625882224882423,0.25119388729679926,0.5095541401263067,0.3365027064528041,62040,4,5,1.2947800518246673,0.5124742993946589,0.9719137434631738
infra_coarse_t3,pair_006_raw_png.rf.f409c7498bbd90cdae0508f9fcf3d5d9.jpg,pair_006_infra_png.rf.0b99e290142c63bd176e4c5e5d9436ec.jpg,0,6,1,1,0.9056141067935523,infra_t3,2,3,0.4308710128182742,0.7237743419376096,0.6477377382861175,0.10181958962442826,0.5095541401263067,0.16972464085226513,62040,4,5,1.2947800518246673,0.5124742993946589,0.9719137434631738
infra_coarse_t4,pair_006_raw_png.rf.f409c7498bbd90cdae0508f9fcf3d5d9.jpg,pair_006_infra_png.rf.0b99e290142c63bd176e4c5e5d9436ec.jpg,0,6,1,1,0.9056141067935523,infra_t4,2,4,0.3158786559554326,0.6245159846909032,0.5052693319645714,0.0801320528211044,0.5095541401263067,0.13848592587349964,62040,4,5,1.2947800518246673,0.5124742993946589,0.9719137434631738
hybrid_raw_infra,pair_006_raw_png.rf.f409c7498bbd90cdae0508f9fcf3d5d9.jpg,pair_006_infra_png.rf.0b99e290142c63bd176e4c5e5d9436ec.jpg,0,6,1,1,0.9056141067935523,hybrid,2,4,0.044086208003217255,0.37224222766565457,0.347074505240959,0.0388616891064812,0.4161358811031505,0.07108496511086397,62040,4,5,1.2947800518246673,0.5124742993946589,0.9719137434631738
raw_led_refined,pair_006_raw_png.rf.f409c7498bbd90cdae0508f9fcf3d5d9.jpg,pair_006_infra_png.rf.0b99e290142c63bd176e4c5e5d9436ec.jpg,0,6,1,1,0.9056141067935523,raw_led,2,3,0.029015166714165184,0.6033366902501749,0.6940084347820413,0.019575856443687478,0.025477707006315336,0.0221402209107532,62040,4,5,1.2947800518246673,0.5124742993946589,0.9719137434631738
raw_led_weakmerge,pair_006_raw_png.rf.f409c7498bbd90cdae0508f9fcf3d5d9.jpg,pair_006_infra_png.rf.0b99e290142c63bd176e4c5e5d9436ec.jpg,0,6,1,1,0.9056141067935523,raw_led_weakmerge,2,3,0.029015166714165184,0.6033366902501749,0.6940084347820413,0.019575856443687478,0.025477707006315336,0.0221402209107532,62040,4,5,1.2947800518246673,0.5124742993946589,0.9719137434631738
mean_shift_watershed,pair_006_raw_png.rf.f409c7498bbd90cdae0508f9fcf3d5d9.jpg,pair_006_infra_png.rf.0b99e290142c63bd176e4c5e5d9436ec.jpg,0,6,1,1,0.9056141067935523,watershed,2,3,0.028456664335142524,0.6027640060025142,0.6925731706360839,0.01886792452827222,0.025477707006315336,0.02168021631323704,62040,4,5,1.2947800518246673,0.5124742993946589,0.9719137434631738
watershed_raw_seed,pair_006_raw_png.rf.f409c7498bbd90cdae0508f9fcf3d5d9.jpg,pair_006_infra_png.rf.0b99e290142c63bd176e4c5e5d9436ec.jpg,0,6,1,1,0.9056141067935523,watershed_raw,2,4,0.02281572744058942,0.601632531353979,0.6901785313332295,0.02955665024626902,0.046709129511578115,0.03620405876823985,62040,4,5,1.2947800518246673,0.5124742993946589,0.9719137434631738
watershed_raw_led_seed,pair_006_raw_png.rf.f409c7498bbd90cdae0508f9fcf3d5d9.jpg,pair_006_infra_png.rf.0b99e290142c63bd176e4c5e5d9436ec.jpg,0,6,1,1,0.9056141067935523,watershed_raw_led,2,3,0.028456664335142524,0.6027640060025142,0.6925731706360839,0.01886792452827222,0.025477707006315336,0.02168021631323704,62040,4,5,1.2947800518246673,0.5124742993946589,0.9719137434631738
raw_canny_vote3,pair_006_raw_png.rf.f409c7498bbd90cdae0508f9fcf3d5d9.jpg,pair_006_infra_png.rf.0b99e290142c63bd176e4c5e5d9436ec.jpg,0,6,1,1,0.9056141067935523,raw_canny_vote3,2,1,0.0,0.6185100958138744,0.7434235976788929,0.0,0.0,0.0,62040,4,5,1.2947800518246673,0.5124742993946589,0.9719137434631738
raw_canny_lcorr_closed,pair_006_raw_png.rf.f409c7498bbd90cdae0508f9fcf3d5d9.jpg,pair_006_infra_png.rf.0b99e290142c63bd176e4c5e5d9436ec.jpg,0,6,1,1,0.9056141067935523,raw_canny_lcorr_closed,2,1,0.0,0.6185100958138744,0.7434235976788929,0.0,0.0,0.0,62040,4,5,1.2947800518246673,0.5124742993946589,0.9719137434631738
raw_canny_union_closed,pair_006_raw_png.rf.f409c7498bbd90cdae0508f9fcf3d5d9.jpg,pair_006_infra_png.rf.0b99e290142c63bd176e4c5e5d9436ec.jpg,0,6,1,1,0.9056141067935523,raw_canny_union_closed,2,2,0.6991131821846731,0.8595951737603441,0.8496424574213884,0.02766798418966864,0.025477707006315336,0.026527711485636107,62040,4,5,1.2947800518246673,0.5124742993946589,0.9719137434631738
raw_canny_recall_clean,pair_006_raw_png.rf.f409c7498bbd90cdae0508f9fcf3d5d9.jpg,pair_006_infra_png.rf.0b99e290142c63bd176e4c5e5d9436ec.jpg,0,6,1,1,0.9056141067935523,raw_canny_recall_clean,2,2,0.6973809502413306,0.8587601177934563,0.848474778557667,0.023622047244047987,0.025477707006315336,0.024514810532329075,62040,4,5,1.2947800518246673,0.5124742993946589,0.9719137434631738
selective_hybrid_v4_smooth,pair_006_raw_png.rf.f409c7498bbd90cdae0508f9fcf3d5d9.jpg,pair_006_infra_png.rf.0b99e290142c63bd176e4c5e5d9436ec.jpg,0,6,1,1,0.9056141067935523,raw_canny_multichannel,2,2,0.6973809502413306,0.8587601177934563,0.848474778557667,0.023622047244047987,0.025477707006315336,0.024514810532329075,62040,4,5,1.2947800518246673,0.5124742993946589,0.9719137434631738
raw_v3_warp,pair_007_raw_png.rf.2caafe031e01aec9c5a356bcd065c8c8.jpg,pair_007_infra_png.rf.dfd9dd18142abe61c33d90f420eea441.jpg,2,12,1,1,0.867878888981494,raw,1,3,0.0,0.7809706871694798,0.647454045792095,0.0,0.0,0.0,10405,3,8,0.8743669737179384,0.7797575878864631,0.7858584160080052
merge_to_one,pair_007_raw_png.rf.2caafe031e01aec9c5a356bcd065c8c8.jpg,pair_007_infra_png.rf.dfd9dd18142abe61c33d90f420eea441.jpg,2,12,1,1,0.867878888981494,one,1,1,1.0,0.9999999999998077,0.9999999999998077,1.0,1.0,1.0,10405,3,8,0.8743669737179384,0.7797575878864631,0.7858584160080052
infra_candidate,pair_007_raw_png.rf.2caafe031e01aec9c5a356bcd065c8c8.jpg,pair_007_infra_png.rf.dfd9dd18142abe61c33d90f420eea441.jpg,2,12,1,1,0.867878888981494,infra,1,8,0.0,0.3569437770302053,0.2420909715853901,0.0,0.0,0.0,10405,3,8,0.8743669737179384,0.7797575878864631,0.7858584160080052
infra_candidate_coarse,pair_007_raw_png.rf.2caafe031e01aec9c5a356bcd065c8c8.jpg,pair_007_infra_png.rf.dfd9dd18142abe61c33d90f420eea441.jpg,2,12,1,1,0.867878888981494,infra_coarse,1,4,0.0,0.4469005285919371,0.3121946463748554,0.0,0.0,0.0,10405,3,8,0.8743669737179384,0.7797575878864631,0.7858584160080052
infra_coarse_t2,pair_007_raw_png.rf.2caafe031e01aec9c5a356bcd065c8c8.jpg,pair_007_infra_png.rf.dfd9dd18142abe61c33d90f420eea441.jpg,2,12,1,1,0.867878888981494,infra_t2,1,2,0.0,0.6838058625659426,0.5675691902272079,0.0,0.0,0.0,10405,3,8,0.8743669737179384,0.7797575878864631,0.7858584160080052
infra_coarse_t3,pair_007_raw_png.rf.2caafe031e01aec9c5a356bcd065c8c8.jpg,pair_007_infra_png.rf.dfd9dd18142abe61c33d90f420eea441.jpg,2,12,1,1,0.867878888981494,infra_t3,1,3,0.0,0.5395482940892764,0.4119013402650735,0.0,0.0,0.0,10405,3,8,0.8743669737179384,0.7797575878864631,0.7858584160080052
infra_coarse_t4,pair_007_raw_png.rf.2caafe031e01aec9c5a356bcd065c8c8.jpg,pair_007_infra_png.rf.dfd9dd18142abe61c33d90f420eea441.jpg,2,12,1,1,0.867878888981494,infra_t4,1,4,0.0,0.5395482940892764,0.3664750594668208,0.0,0.0,0.0,10405,3,8,0.8743669737179384,0.7797575878864631,0.7858584160080052
hybrid_raw_infra,pair_007_raw_png.rf.2caafe031e01aec9c5a356bcd065c8c8.jpg,pair_007_infra_png.rf.dfd9dd18142abe61c33d90f420eea441.jpg,2,12,1,1,0.867878888981494,hybrid,1,3,0.0,0.6721768380584964,0.5088533240842412,0.0,0.0,0.0,10405,3,8,0.8743669737179384,0.7797575878864631,0.7858584160080052
raw_led_refined,pair_007_raw_png.rf.2caafe031e01aec9c5a356bcd065c8c8.jpg,pair_007_infra_png.rf.dfd9dd18142abe61c33d90f420eea441.jpg,2,12,1,1,0.867878888981494,raw_led,1,4,0.0,0.6274867851993027,0.45506775681017336,0.0,0.0,0.0,10405,3,8,0.8743669737179384,0.7797575878864631,0.7858584160080052
raw_led_weakmerge,pair_007_raw_png.rf.2caafe031e01aec9c5a356bcd065c8c8.jpg,pair_007_infra_png.rf.dfd9dd18142abe61c33d90f420eea441.jpg,2,12,1,1,0.867878888981494,raw_led_weakmerge,1,4,0.0,0.6274867851993027,0.45506775681017336,0.0,0.0,0.0,10405,3,8,0.8743669737179384,0.7797575878864631,0.7858584160080052
mean_shift_watershed,pair_007_raw_png.rf.2caafe031e01aec9c5a356bcd065c8c8.jpg,pair_007_infra_png.rf.dfd9dd18142abe61c33d90f420eea441.jpg,2,12,1,1,0.867878888981494,watershed,1,4,0.0,0.6255646323881546,0.4528826172866801,0.0,0.0,0.0,10405,3,8,0.8743669737179384,0.7797575878864631,0.7858584160080052
watershed_raw_seed,pair_007_raw_png.rf.2caafe031e01aec9c5a356bcd065c8c8.jpg,pair_007_infra_png.rf.dfd9dd18142abe61c33d90f420eea441.jpg,2,12,1,1,0.867878888981494,watershed_raw,1,3,0.0,0.7866410379623667,0.6541385746556752,0.0,0.0,0.0,10405,3,8,0.8743669737179384,0.7797575878864631,0.7858584160080052
watershed_raw_led_seed,pair_007_raw_png.rf.2caafe031e01aec9c5a356bcd065c8c8.jpg,pair_007_infra_png.rf.dfd9dd18142abe61c33d90f420eea441.jpg,2,12,1,1,0.867878888981494,watershed_raw_led,1,4,0.0,0.6255646323881546,0.4528826172866801,0.0,0.0,0.0,10405,3,8,0.8743669737179384,0.7797575878864631,0.7858584160080052
raw_canny_vote3,pair_007_raw_png.rf.2caafe031e01aec9c5a356bcd065c8c8.jpg,pair_007_infra_png.rf.dfd9dd18142abe61c33d90f420eea441.jpg,2,12,1,1,0.867878888981494,raw_canny_vote3,1,1,1.0,0.9999999999998077,0.9999999999998077,1.0,1.0,1.0,10405,3,8,0.8743669737179384,0.7797575878864631,0.7858584160080052
raw_canny_lcorr_closed,pair_007_raw_png.rf.2caafe031e01aec9c5a356bcd065c8c8.jpg,pair_007_infra_png.rf.dfd9dd18142abe61c33d90f420eea441.jpg,2,12,1,1,0.867878888981494,raw_canny_lcorr_closed,1,2,0.0,0.9694377703025526,0.9407436403734334,0.0,0.0,0.0,10405,3,8,0.8743669737179384,0.7797575878864631,0.7858584160080052
raw_canny_union_closed,pair_007_raw_png.rf.2caafe031e01aec9c5a356bcd065c8c8.jpg,pair_007_infra_png.rf.dfd9dd18142abe61c33d90f420eea441.jpg,2,12,1,1,0.867878888981494,raw_canny_union_closed,1,6,0.0,0.35213839500233496,0.2624942588269237,0.0,0.0,0.0,10405,3,8,0.8743669737179384,0.7797575878864631,0.7858584160080052
raw_canny_recall_clean,pair_007_raw_png.rf.2caafe031e01aec9c5a356bcd065c8c8.jpg,pair_007_infra_png.rf.dfd9dd18142abe61c33d90f420eea441.jpg,2,12,1,1,0.867878888981494,raw_canny_recall_clean,1,13,0.0,0.14348870735220692,0.09199939684487146,0.0,0.0,0.0,10405,3,8,0.8743669737179384,0.7797575878864631,0.7858584160080052
selective_hybrid_v4_smooth,pair_007_raw_png.rf.2caafe031e01aec9c5a356bcd065c8c8.jpg,pair_007_infra_png.rf.dfd9dd18142abe61c33d90f420eea441.jpg,2,12,1,1,0.867878888981494,merge_to_one,1,1,1.0,0.9999999999998077,0.9999999999998077,1.0,1.0,1.0,10405,3,8,0.8743669737179384,0.7797575878864631,0.7858584160080052
raw_v3_warp,pair_009_raw_png.rf.108261cb59747a61952774d136cc2b44.jpg,pair_009_infra_png.rf.f80bba86dfc5b4558ffe3882bcfb88cc.jpg,19,14,1,1,0.8676068752753753,raw,1,3,0.0,0.718988113379921,0.5568984308338571,0.0,0.0,0.0,9843,3,12,0.9213758556221201,0.9726728759638288,0.908730158730082
merge_to_one,pair_009_raw_png.rf.108261cb59747a61952774d136cc2b44.jpg,pair_009_infra_png.rf.f80bba86dfc5b4558ffe3882bcfb88cc.jpg,19,14,1,1,0.8676068752753753,one,1,1,1.0,0.9999999999997967,0.9999999999997967,1.0,1.0,1.0,9843,3,12,0.9213758556221201,0.9726728759638288,0.908730158730082
infra_candidate,pair_009_raw_png.rf.108261cb59747a61952774d136cc2b44.jpg,pair_009_infra_png.rf.f80bba86dfc5b4558ffe3882bcfb88cc.jpg,19,14,1,1,0.8676068752753753,infra,1,12,0.0,0.18317586101794509,0.11588321902263088,0.0,0.0,0.0,9843,3,12,0.9213758556221201,0.9726728759638288,0.908730158730082
infra_candidate_coarse,pair_009_raw_png.rf.108261cb59747a61952774d136cc2b44.jpg,pair_009_infra_png.rf.f80bba86dfc5b4558ffe3882bcfb88cc.jpg,19,14,1,1,0.8676068752753753,infra_coarse,1,6,0.0,0.3188052423041107,0.1997256035886146,0.0,0.0,0.0,9843,3,12,0.9213758556221201,0.9726728759638288,0.908730158730082
infra_coarse_t2,pair_009_raw_png.rf.108261cb59747a61952774d136cc2b44.jpg,pair_009_infra_png.rf.f80bba86dfc5b4558ffe3882bcfb88cc.jpg,19,14,1,1,0.8676068752753753,infra_t2,1,2,0.0,0.8428324697753036,0.7350682046645545,0.0,0.0,0.0,9843,3,12,0.9213758556221201,0.9726728759638288,0.908730158730082
infra_coarse_t3,pair_009_raw_png.rf.108261cb59747a61952774d136cc2b44.jpg,pair_009_infra_png.rf.f80bba86dfc5b4558ffe3882bcfb88cc.jpg,19,14,1,1,0.8676068752753753,infra_t3,1,3,0.0,0.695418063598355,0.5300389228843628,0.0,0.0,0.0,9843,3,12,0.9213758556221201,0.9726728759638288,0.908730158730082
infra_coarse_t4,pair_009_raw_png.rf.108261cb59747a61952774d136cc2b44.jpg,pair_009_infra_png.rf.f80bba86dfc5b4558ffe3882bcfb88cc.jpg,19,14,1,1,0.8676068752753753,infra_t4,1,4,0.0,0.5534897896981503,0.3729272219378393,0.0,0.0,0.0,9843,3,12,0.9213758556221201,0.9726728759638288,0.908730158730082
hybrid_raw_infra,pair_009_raw_png.rf.108261cb59747a61952774d136cc2b44.jpg,pair_009_infra_png.rf.f80bba86dfc5b4558ffe3882bcfb88cc.jpg,19,14,1,1,0.8676068752753753,hybrid,1,3,0.0,0.5067560703036662,0.415540928470431,0.0,0.0,0.0,9843,3,12,0.9213758556221201,0.9726728759638288,0.908730158730082
raw_led_refined,pair_009_raw_png.rf.108261cb59747a61952774d136cc2b44.jpg,pair_009_infra_png.rf.f80bba86dfc5b4558ffe3882bcfb88cc.jpg,19,14,1,1,0.8676068752753753,raw_led,1,5,0.0,0.7246774357409884,0.5496013408686569,0.0,0.0,0.0,9843,3,12,0.9213758556221201,0.9726728759638288,0.908730158730082
raw_led_weakmerge,pair_009_raw_png.rf.108261cb59747a61952774d136cc2b44.jpg,pair_009_infra_png.rf.f80bba86dfc5b4558ffe3882bcfb88cc.jpg,19,14,1,1,0.8676068752753753,raw_led_weakmerge,1,5,0.0,0.7246774357409884,0.5496013408686569,0.0,0.0,0.0,9843,3,12,0.9213758556221201,0.9726728759638288,0.908730158730082
mean_shift_watershed,pair_009_raw_png.rf.108261cb59747a61952774d136cc2b44.jpg,pair_009_infra_png.rf.f80bba86dfc5b4558ffe3882bcfb88cc.jpg,19,14,1,1,0.8676068752753753,watershed,1,5,0.0,0.7406278573604103,0.5704364062875302,0.0,0.0,0.0,9843,3,12,0.9213758556221201,0.9726728759638288,0.908730158730082
watershed_raw_seed,pair_009_raw_png.rf.108261cb59747a61952774d136cc2b44.jpg,pair_009_infra_png.rf.f80bba86dfc5b4558ffe3882bcfb88cc.jpg,19,14,1,1,0.8676068752753753,watershed_raw,1,3,0.0,0.7347353449150188,0.5753284712832956,0.0,0.0,0.0,9843,3,12,0.9213758556221201,0.9726728759638288,0.908730158730082
watershed_raw_led_seed,pair_009_raw_png.rf.108261cb59747a61952774d136cc2b44.jpg,pair_009_infra_png.rf.f80bba86dfc5b4558ffe3882bcfb88cc.jpg,19,14,1,1,0.8676068752753753,watershed_raw_led,1,5,0.0,0.7406278573604103,0.5704364062875302,0.0,0.0,0.0,9843,3,12,0.9213758556221201,0.9726728759638288,0.908730158730082
raw_canny_vote3,pair_009_raw_png.rf.108261cb59747a61952774d136cc2b44.jpg,pair_009_infra_png.rf.f80bba86dfc5b4558ffe3882bcfb88cc.jpg,19,14,1,1,0.8676068752753753,raw_canny_vote3,1,2,0.0,0.9718581733209445,0.9453002714597376,0.0,0.0,0.0,9843,3,12,0.9213758556221201,0.9726728759638288,0.908730158730082
raw_canny_lcorr_closed,pair_009_raw_png.rf.108261cb59747a61952774d136cc2b44.jpg,pair_009_infra_png.rf.f80bba86dfc5b4558ffe3882bcfb88cc.jpg,19,14,1,1,0.8676068752753753,raw_canny_lcorr_closed,1,2,0.0,0.9765315452603928,0.9541646272567,0.0,0.0,0.0,9843,3,12,0.9213758556221201,0.9726728759638288,0.908730158730082
raw_canny_union_closed,pair_009_raw_png.rf.108261cb59747a61952774d136cc2b44.jpg,pair_009_infra_png.rf.f80bba86dfc5b4558ffe3882bcfb88cc.jpg,19,14,1,1,0.8676068752753753,raw_canny_union_closed,1,12,0.0,0.31819567205113924,0.16442556343468573,0.0,0.0,0.0,9843,3,12,0.9213758556221201,0.9726728759638288,0.908730158730082
raw_canny_recall_clean,pair_009_raw_png.rf.108261cb59747a61952774d136cc2b44.jpg,pair_009_infra_png.rf.f80bba86dfc5b4558ffe3882bcfb88cc.jpg,19,14,1,1,0.8676068752753753,raw_canny_recall_clean,1,18,0.0,0.17840089403633475,0.08519670644622268,0.0,0.0,0.0,9843,3,12,0.9213758556221201,0.9726728759638288,0.908730158730082
selective_hybrid_v4_smooth,pair_009_raw_png.rf.108261cb59747a61952774d136cc2b44.jpg,pair_009_infra_png.rf.f80bba86dfc5b4558ffe3882bcfb88cc.jpg,19,14,1,1,0.8676068752753753,merge_to_one,1,1,1.0,0.9999999999997967,0.9999999999997967,1.0,1.0,1.0,9843,3,12,0.9213758556221201,0.9726728759638288,0.908730158730082
raw_v3_warp,pair_010_raw_png.rf.d4eeff25dccbeedaeb2843b954922c3b.jpg,pair_010_infra_png.rf.77d98e3849059fdb2291c0b46a9beed9.jpg,17,15,1,1,0.8878539036646285,raw,1,6,0.0,0.4217283268911815,0.29149581033126526,0.0,0.0,0.0,21732,6,9,0.947419159155434,0.6962649710047327,0.9052985288693642
merge_to_one,pair_010_raw_png.rf.d4eeff25dccbeedaeb2843b954922c3b.jpg,pair_010_infra_png.rf.77d98e3849059fdb2291c0b46a9beed9.jpg,17,15,1,1,0.8878539036646285,one,1,1,1.0,0.999999999999908,0.999999999999908,1.0,1.0,1.0,21732,6,9,0.947419159155434,0.6962649710047327,0.9052985288693642
infra_candidate,pair_010_raw_png.rf.d4eeff25dccbeedaeb2843b954922c3b.jpg,pair_010_infra_png.rf.77d98e3849059fdb2291c0b46a9beed9.jpg,17,15,1,1,0.8878539036646285,infra,1,9,0.0,0.24029081538742497,0.1874412911613007,0.0,0.0,0.0,21732,6,9,0.947419159155434,0.6962649710047327,0.9052985288693642
infra_candidate_coarse,pair_010_raw_png.rf.d4eeff25dccbeedaeb2843b954922c3b.jpg,pair_010_infra_png.rf.77d98e3849059fdb2291c0b46a9beed9.jpg,17,15,1,1,0.8878539036646285,infra_coarse,1,5,0.0,0.31313270752804034,0.237329410032112,0.0,0.0,0.0,21732,6,9,0.947419159155434,0.6962649710047327,0.9052985288693642
infra_coarse_t2,pair_010_raw_png.rf.d4eeff25dccbeedaeb2843b954922c3b.jpg,pair_010_infra_png.rf.77d98e3849059fdb2291c0b46a9beed9.jpg,17,15,1,1,0.8878539036646285,infra_t2,1,2,0.0,0.6916988772316683,0.5734969190637605,0.0,0.0,0.0,21732,6,9,0.947419159155434,0.6962649710047327,0.9052985288693642
infra_coarse_t3,pair_010_raw_png.rf.d4eeff25dccbeedaeb2843b954922c3b.jpg,pair_010_infra_png.rf.77d98e3849059fdb2291c0b46a9beed9.jpg,17,15,1,1,0.8878539036646285,infra_t3,1,3,0.0,0.513712497699198,0.3906292638916183,0.0,0.0,0.0,21732,6,9,0.947419159155434,0.6962649710047327,0.9052985288693642
infra_coarse_t4,pair_010_raw_png.rf.d4eeff25dccbeedaeb2843b954922c3b.jpg,pair_010_infra_png.rf.77d98e3849059fdb2291c0b46a9beed9.jpg,17,15,1,1,0.8878539036646285,infra_t4,1,4,0.0,0.513712497699198,0.3520942660467848,0.0,0.0,0.0,21732,6,9,0.947419159155434,0.6962649710047327,0.9052985288693642
hybrid_raw_infra,pair_010_raw_png.rf.d4eeff25dccbeedaeb2843b954922c3b.jpg,pair_010_infra_png.rf.77d98e3849059fdb2291c0b46a9beed9.jpg,17,15,1,1,0.8878539036646285,hybrid,1,6,0.0,0.44464384318052225,0.2685731753808486,0.0,0.0,0.0,21732,6,9,0.947419159155434,0.6962649710047327,0.9052985288693642
raw_led_refined,pair_010_raw_png.rf.d4eeff25dccbeedaeb2843b954922c3b.jpg,pair_010_infra_png.rf.77d98e3849059fdb2291c0b46a9beed9.jpg,17,15,1,1,0.8878539036646285,raw_led,1,7,0.0,0.4268360022086851,0.2662927730742705,0.0,0.0,0.0,21732,6,9,0.947419159155434,0.6962649710047327,0.9052985288693642
raw_led_weakmerge,pair_010_raw_png.rf.d4eeff25dccbeedaeb2843b954922c3b.jpg,pair_010_infra_png.rf.77d98e3849059fdb2291c0b46a9beed9.jpg,17,15,1,1,0.8878539036646285,raw_led_weakmerge,1,6,0.0,0.4268360022086851,0.3328105627480405,0.0,0.0,0.0,21732,6,9,0.947419159155434,0.6962649710047327,0.9052985288693642
mean_shift_watershed,pair_010_raw_png.rf.d4eeff25dccbeedaeb2843b954922c3b.jpg,pair_010_infra_png.rf.77d98e3849059fdb2291c0b46a9beed9.jpg,17,15,1,1,0.8878539036646285,watershed,1,6,0.0,0.4226946438431416,0.29360696975271855,0.0,0.0,0.0,21732,6,9,0.947419159155434,0.6962649710047327,0.9052985288693642
watershed_raw_seed,pair_010_raw_png.rf.d4eeff25dccbeedaeb2843b954922c3b.jpg,pair_010_infra_png.rf.77d98e3849059fdb2291c0b46a9beed9.jpg,17,15,1,1,0.8878539036646285,watershed_raw,1,6,0.0,0.4226946438431416,0.29360696975271855,0.0,0.0,0.0,21732,6,9,0.947419159155434,0.6962649710047327,0.9052985288693642
watershed_raw_led_seed,pair_010_raw_png.rf.d4eeff25dccbeedaeb2843b954922c3b.jpg,pair_010_infra_png.rf.77d98e3849059fdb2291c0b46a9beed9.jpg,17,15,1,1,0.8878539036646285,watershed_raw_led,1,7,0.0,0.4233388551444484,0.2633429752442453,0.0,0.0,0.0,21732,6,9,0.947419159155434,0.6962649710047327,0.9052985288693642
raw_canny_vote3,pair_010_raw_png.rf.d4eeff25dccbeedaeb2843b954922c3b.jpg,pair_010_infra_png.rf.77d98e3849059fdb2291c0b46a9beed9.jpg,17,15,1,1,0.8878539036646285,raw_canny_vote3,1,6,0.0,0.7275906497330454,0.5466701071692959,0.0,0.0,0.0,21732,6,9,0.947419159155434,0.6962649710047327,0.9052985288693642
raw_canny_lcorr_closed,pair_010_raw_png.rf.d4eeff25dccbeedaeb2843b954922c3b.jpg,pair_010_infra_png.rf.77d98e3849059fdb2291c0b46a9beed9.jpg,17,15,1,1,0.8878539036646285,raw_canny_lcorr_closed,1,2,0.0,0.9764402724092602,0.9539906663469041,0.0,0.0,0.0,21732,6,9,0.947419159155434,0.6962649710047327,0.9052985288693642
raw_canny_union_closed,pair_010_raw_png.rf.d4eeff25dccbeedaeb2843b954922c3b.jpg,pair_010_infra_png.rf.77d98e3849059fdb2291c0b46a9beed9.jpg,17,15,1,1,0.8878539036646285,raw_canny_union_closed,1,8,0.0,0.24217743419839477,0.16580190391532112,0.0,0.0,0.0,21732,6,9,0.947419159155434,0.6962649710047327,0.9052985288693642
raw_canny_recall_clean,pair_010_raw_png.rf.d4eeff25dccbeedaeb2843b954922c3b.jpg,pair_010_infra_png.rf.77d98e3849059fdb2291c0b46a9beed9.jpg,17,15,1,1,0.8878539036646285,raw_canny_recall_clean,1,5,0.0,0.4171728326890837,0.28087220173095473,0.0,0.0,0.0,21732,6,9,0.947419159155434,0.6962649710047327,0.9052985288693642
selective_hybrid_v4_smooth,pair_010_raw_png.rf.d4eeff25dccbeedaeb2843b954922c3b.jpg,pair_010_infra_png.rf.77d98e3849059fdb2291c0b46a9beed9.jpg,17,15,1,1,0.8878539036646285,merge_to_one,1,1,1.0,0.999999999999908,0.999999999999908,1.0,1.0,1.0,21732,6,9,0.947419159155434,0.6962649710047327,0.9052985288693642
raw_v3_warp,pair_011_raw_png.rf.5265d4a8b08817dfa2b322bd35d5d3a0.jpg,pair_011_infra_png.rf.e5d9780f7acea2009f7c4d4d3d304838.jpg,3,8,1,1,0.822861881587831,raw,8,5,0.40526706022004166,0.5002844521557827,0.5378421321683328,0.39921636917701386,0.4555680539929946,0.42553471796053427,37706,5,11,0.7814125745692575,0.6893714547983838,0.8560746846236067
merge_to_one,pair_011_raw_png.rf.5265d4a8b08817dfa2b322bd35d5d3a0.jpg,pair_011_infra_png.rf.e5d9780f7acea2009f7c4d4d3d304838.jpg,3,8,1,1,0.822861881587831,one,8,1,0.0,0.20339328747445837,0.3073516151275496,0.0,0.0,0.0,37706,5,11,0.7814125745692575,0.6893714547983838,0.8560746846236067
infra_candidate,pair_011_raw_png.rf.5265d4a8b08817dfa2b322bd35d5d3a0.jpg,pair_011_infra_png.rf.e5d9780f7acea2009f7c4d4d3d304838.jpg,3,8,1,1,0.822861881587831,infra,8,11,0.6005430598781869,0.5969525204594802,0.5834707871342864,0.33754139072840694,0.7665916760400638,0.468705137097919,37706,5,11,0.7814125745692575,0.6893714547983838,0.8560746846236067
infra_candidate_coarse,pair_011_raw_png.rf.5265d4a8b08817dfa2b322bd35d5d3a0.jpg,pair_011_infra_png.rf.e5d9780f7acea2009f7c4d4d3d304838.jpg,3,8,1,1,0.822861881587831,infra_coarse,8,6,0.6147778384569004,0.6124053392704941,0.6530808262339222,0.3485714285713179,0.5455568053990183,0.42536519391102606,37706,5,11,0.7814125745692575,0.6893714547983838,0.8560746846236067
infra_coarse_t2,pair_011_raw_png.rf.5265d4a8b08817dfa2b322bd35d5d3a0.jpg,pair_011_infra_png.rf.e5d9780f7acea2009f7c4d4d3d304838.jpg,3,8,1,1,0.822861881587831,infra_t2,8,2,0.2475546690604491,0.4266691146460863,0.5392245266004896,0.0,0.0,0.0,37706,5,11,0.7814125745692575,0.6893714547983838,0.8560746846236067
infra_coarse_t3,pair_011_raw_png.rf.5265d4a8b08817dfa2b322bd35d5d3a0.jpg,pair_011_infra_png.rf.e5d9780f7acea2009f7c4d4d3d304838.jpg,3,8,1,1,0.822861881587831,infra_t3,8,3,0.2528246818857502,0.4099332981935406,0.4689892032183164,0.15340909090891658,0.07705286839140774,0.10258187925197146,37706,5,11,0.7814125745692575,0.6893714547983838,0.8560746846236067
infra_coarse_t4,pair_011_raw_png.rf.5265d4a8b08817dfa2b322bd35d5d3a0.jpg,pair_011_infra_png.rf.e5d9780f7acea2009f7c4d4d3d304838.jpg,3,8,1,1,0.822861881587831,infra_t4,8,4,0.32370854286938444,0.4318793770897793,0.48843719162300925,0.26240760295656684,0.2710911136106462,0.26667868905020886,37706,5,11,0.7814125745692575,0.6893714547983838,0.8560746846236067
hybrid_raw_infra,pair_011_raw_png.rf.5265d4a8b08817dfa2b322bd35d5d3a0.jpg,pair_011_infra_png.rf.e5d9780f7acea2009f7c4d4d3d304838.jpg,3,8,1,1,0.822861881587831,hybrid,8,5,0.5410699996322298,0.5742913439763511,0.6243137151717861,0.2751798561149842,0.3470191226094786,0.3069521980608607,37706,5,11,0.7814125745692575,0.6893714547983838,0.8560746846236067
raw_led_refined,pair_011_raw_png.rf.5265d4a8b08817dfa2b322bd35d5d3a0.jpg,pair_011_infra_png.rf.e5d9780f7acea2009f7c4d4d3d304838.jpg,3,8,1,1,0.822861881587831,raw_led,8,6,0.5510033931786289,0.5594943275618881,0.5836123378318216,0.4081841432222976,0.42632170978603695,0.4170558205439276,37706,5,11,0.7814125745692575,0.6893714547983838,0.8560746846236067
raw_led_weakmerge,pair_011_raw_png.rf.5265d4a8b08817dfa2b322bd35d5d3a0.jpg,pair_011_infra_png.rf.e5d9780f7acea2009f7c4d4d3d304838.jpg,3,8,1,1,0.822861881587831,raw_led_weakmerge,8,4,0.32383821195997914,0.451570432492629,0.5203737162213579,0.5120274914080549,0.16929133858258194,0.25445302689055527,37706,5,11,0.7814125745692575,0.6893714547983838,0.8560746846236067
mean_shift_watershed,pair_011_raw_png.rf.5265d4a8b08817dfa2b322bd35d5d3a0.jpg,pair_011_infra_png.rf.e5d9780f7acea2009f7c4d4d3d304838.jpg,3,8,1,1,0.822861881587831,watershed,8,5,0.4027514502473894,0.49734088368573803,0.5337402482191421,0.32324268855806915,0.34758155230576626,0.3349705882671682,37706,5,11,0.7814125745692575,0.6893714547983838,0.8560746846236067
watershed_raw_seed,pair_011_raw_png.rf.5265d4a8b08817dfa2b322bd35d5d3a0.jpg,pair_011_infra_png.rf.e5d9780f7acea2009f7c4d4d3d304838.jpg,3,8,1,1,0.822861881587831,watershed_raw,8,5,0.4027514502473894,0.49734088368573803,0.5337402482191421,0.32324268855806915,0.34758155230576626,0.3349705882671682,37706,5,11,0.7814125745692575,0.6893714547983838,0.8560746846236067
watershed_raw_led_seed,pair_011_raw_png.rf.5265d4a8b08817dfa2b322bd35d5d3a0.jpg,pair_011_infra_png.rf.e5d9780f7acea2009f7c4d4d3d304838.jpg,3,8,1,1,0.822861881587831,watershed_raw_led,8,6,0.546595958348609,0.5558518451457239,0.5787528081585053,0.3932277444017514,0.4010123734530928,0.39708190847249775,37706,5,11,0.7814125745692575,0.6893714547983838,0.8560746846236067
raw_canny_vote3,pair_011_raw_png.rf.5265d4a8b08817dfa2b322bd35d5d3a0.jpg,pair_011_infra_png.rf.e5d9780f7acea2009f7c4d4d3d304838.jpg,3,8,1,1,0.822861881587831,raw_canny_vote3,8,2,0.2475546690604491,0.4266691146460863,0.5392245266004896,0.0,0.0,0.0,37706,5,11,0.7814125745692575,0.6893714547983838,0.8560746846236067
raw_canny_lcorr_closed,pair_011_raw_png.rf.5265d4a8b08817dfa2b322bd35d5d3a0.jpg,pair_011_infra_png.rf.e5d9780f7acea2009f7c4d4d3d304838.jpg,3,8,1,1,0.822861881587831,raw_canny_lcorr_closed,8,2,0.2475546690604491,0.4266691146460863,0.5392245266004896,0.0,0.0,0.0,37706,5,11,0.7814125745692575,0.6893714547983838,0.8560746846236067
raw_canny_union_closed,pair_011_raw_png.rf.5265d4a8b08817dfa2b322bd35d5d3a0.jpg,pair_011_infra_png.rf.e5d9780f7acea2009f7c4d4d3d304838.jpg,3,8,1,1,0.822861881587831,raw_canny_union_closed,8,5,0.8134308505920278,0.7620813400081548,0.8189446588208746,0.5190023752962958,0.25309336332944143,0.3402584679547165,37706,5,11,0.7814125745692575,0.6893714547983838,0.8560746846236067
raw_canny_recall_clean,pair_011_raw_png.rf.5265d4a8b08817dfa2b322bd35d5d3a0.jpg,pair_011_infra_png.rf.e5d9780f7acea2009f7c4d4d3d304838.jpg,3,8,1,1,0.822861881587831,raw_canny_recall_clean,8,5,0.7661787973819728,0.7344342406425366,0.7984391287764536,0.5279503105585378,0.3278965129356986,0.4045421701196707,37706,5,11,0.7814125745692575,0.6893714547983838,0.8560746846236067
selective_hybrid_v4_smooth,pair_011_raw_png.rf.5265d4a8b08817dfa2b322bd35d5d3a0.jpg,pair_011_infra_png.rf.e5d9780f7acea2009f7c4d4d3d304838.jpg,3,8,1,1,0.822861881587831,raw_canny_multichannel,8,5,0.7661787973819728,0.7344342406425366,0.7984391287764536,0.5279503105585378,0.3278965129356986,0.4045421701196707,37706,5,11,0.7814125745692575,0.6893714547983838,0.8560746846236067
