image_id,ann_id,file_name,group_id,layer_gt,wb1,wb2,g_flake_peak,g_bg_median,delta_g,normalized_delta_g,area_px,log_area_px,bbox_x,bbox_y,bbox_w,bbox_h
0,1,1-4-3-6-12-100-5_png.rf.a4a0325020ffec68ecff71002da76fcb.jpg,1-4-3-6-12-100-5_png,9,1.4,3.6,-50.151512145996094,-0.09235000610351562,-50.05916213989258,-0.49459625683001207,62950,11.050111924969828,585.0,240.0,266.0,502.0
1,2,2-0-4-2_png.rf.57c3a840ec9cb70e633c9f544f82335b.jpg,2-0-4-2_png,4,2.0,4.2,-24.873762130737305,0.034610748291015625,-24.90837287902832,-0.26231794447147694,3681,8.211211361793023,1507.0,1025.0,190.0,57.0
2,3,1-7-3-3_png.rf.5162294bd914028db5716491540feee2.jpg,1-7-3-3_png,9,1.7,3.3,-67.82975769042969,-0.0524444580078125,-67.77731323242188,-0.48328888351158233,2246,7.717351272185329,1454.0,769.0,95.0,59.0
3,4,1_7-4_2-3-100_png.rf.8cc4fccf8aef42906ae3d956c2292e20.jpg,1_7-4_2-3-100_png,3,1.7,4.2,-12.426953315734863,-0.05091094970703125,-12.376042366027832,-0.16223239424083183,111834,11.624779849744371,650.0,313.0,419.2,428.531
4,5,1_7-3_9-3-100-4_png.rf.8c4880254fea02562928dc9abc6654e9.jpg,1_7-3_9-3-100-4_png,3,1.7,3.9,-12.397189140319824,-0.007183074951171875,-12.390006065368652,-0.16209733758304332,43618,10.683248114229192,475.0,205.0,195.0,452.0
5,6,0_8-3_6-3-100_png.rf.f16ff1a36a3d54da1be3382a757cb2d6.jpg,0_8-3_6-3-100_png,3,0.8,3.6,-9.844185829162598,-0.06829833984375,-9.775887489318848,-0.05996770782691195,112365,11.629516679578863,488.0,188.0,412.8,422.134
6,7,1_4-4_5-3-100-4_png.rf.67ca7e725d9762296194ffbde0c689f3.jpg,1_4-4_5-3-100-4_png,3,1.4,4.5,-11.168291091918945,-0.008098602294921875,-11.160192489624023,-0.11480227298947324,43809,10.687617380807945,475.0,206.0,196.0,451.0
7,8,1_7-4_2-3-100-4_png.rf.ba829371261b6c68213d7c134e3422e9.jpg,1_7-4_2-3-100-4_png,3,1.7,4.2,-11.5516357421875,-0.08370208740234375,-11.467933654785156,-0.15390895204604066,43808,10.687594554708582,476.0,205.0,196.0,452.0
8,9,1-1-3-9-12-100-5_png.rf.9199599b3b62922a35cf98e4b397c53c.jpg,1-1-3-9-12-100-5_png,9,1.1,3.9,-59.71137619018555,0.04254150390625,-59.7539176940918,-0.44162483990387635,62767,11.047200668449333,584.0,242.0,267.0,501.0
9,10,1_7-3_6-2-100-3_png.rf.8a038b949b97688962eff3900c27de8c.jpg,1_7-3_6-2-100-3_png,2,1.7,3.6,-5.56726598739624,-0.10355377197265625,-5.463712215423584,-0.0710975869757948,557554,13.231316432158875,268.0,25.0,1069.0,905.0
10,11,1-1-4-5-7-100-2_png.rf.d4490aeb7d6f5c196a4f0beb577cbf9b.jpg,1-1-4-5-7-100-2_png,7,1.1,4.5,-45.77323532104492,-0.0693817138671875,-45.703853607177734,-0.3369933844500824,49242,10.804522504518832,424.0,351.0,438.0,248.0
11,12,1_1-4_8-3-100-4_png.rf.2918febcf14012f69acb5ec7c375e4a7.jpg,1_1-4_8-3-100-4_png,3,1.1,4.8,-16.24778938293457,0.02677154541015625,-16.274560928344727,-0.1227341266745239,43386,10.677915136047172,475.0,207.0,196.0,451.0
12,13,2-0-3-3_png.rf.b3288a171b18271000868ed152c4a082.jpg,2-0-3-3_png,2,2.0,3.3,-12.742164611816406,0.0213775634765625,-12.763542175292969,-0.09476627619515789,927,6.833031732786201,1444.0,789.0,34.0,62.0
13,14,1-7-4-2_png.rf.a0c8cd567cf1c01c15786eb9f5331acb.jpg,1-7-4-2_png,4,1.7,4.2,-18.274948120117188,0.0032958984375,-18.278244018554688,-0.15877181320938202,8194,9.01127949117793,1310.0,1070.0,168.714,98.25
13,15,1-7-4-2_png.rf.a0c8cd567cf1c01c15786eb9f5331acb.jpg,1-7-4-2_png,3,1.7,4.2,-14.38960075378418,-0.00499725341796875,-14.384603500366211,-0.12437750843732107,6449,8.771835409789817,1404.0,1061.0,155.478,79.647
13,16,1-7-4-2_png.rf.a0c8cd567cf1c01c15786eb9f5331acb.jpg,1-7-4-2_png,4,1.7,4.2,-18.20159149169922,0.02220916748046875,-18.223800659179688,-0.15728646783121897,2306,7.7437032581737535,1502.0,1059.0,104.95,46.642
14,17,2-0-3-3_png.rf.59723c7c1da78c12c799a07ad00b631e.jpg,2-0-3-3_png,1,2.0,3.3,-3.4696788787841797,-0.0494537353515625,-3.420225143432617,-0.033319482910614866,4733,8.46252579007393,1324.0,986.0,122.0,52.0
15,18,2-1-4-2-1_png.rf.36f8d96e373b6d31efde0dfce503e0f3.jpg,2-1-4-2-1_png,1,2.1,4.2,-2.202972412109375,-0.00605010986328125,-2.1969223022460938,-0.025133819225034684,4928,8.502891406705377,1326.0,983.0,124.449,59.223
16,19,1_4-4_8-6-100-6_png.rf.584d56d702b39d097e198f5416dccacd.jpg,1_4-4_8-6-100-6_png,6,1.4,4.8,-21.60205841064453,-0.00424957275390625,-21.597808837890625,-0.2240815375037451,156907,11.963414925311662,589.0,0.0,331.2,1021.28
17,20,1_7-3_6-3-100_png.rf.42845efd88c5a023f289f2f8db585812.jpg,1_7-3_6-3-100_png,3,1.7,3.6,-8.32086181640625,0.01751708984375,-8.33837890625,-0.10653980089099656,113125,11.636257520742163,494.0,182.0,406.8,430.129
18,21,1-4-4-8_png.rf.f3aa59e57f5ca72aeea7e50439585d64.jpg,1-4-4-8_png,1,1.4,4.8,-7.6155242919921875,0.033233642578125,-7.6487579345703125,-0.0680843983638632,1560,7.353081920515432,1275.0,950.0,35.854,81.672
19,22,2-0-4-8_png.rf.2d8d88db83f1bf04c97fdc68c81744e1.jpg,2-0-4-8_png,8,2.0,4.8,-58.69171905517578,0.04477691650390625,-58.73649597167969,-0.6457440184019234,321,5.7745515455444085,1547.0,979.0,42.542,29.993
19,23,2-0-4-8_png.rf.2d8d88db83f1bf04c97fdc68c81744e1.jpg,2-0-4-8_png,7,2.0,4.8,-36.03026580810547,-0.0456695556640625,-35.984596252441406,-0.4104570104606829,1750,7.467942332285852,939.0,887.0,62.103,91.567
19,24,2-0-4-8_png.rf.2d8d88db83f1bf04c97fdc68c81744e1.jpg,2-0-4-8_png,6,2.0,4.8,-45.32390594482422,0.0099639892578125,-45.33386993408203,-0.49869953752381874,895,6.79794041297493,1560.0,979.0,63.239,22.213
20,25,1_4-3_6-6-100-6_png.rf.50558fcc8fa995efa39f338aa6c762e6.jpg,1_4-3_6-6-100-6_png,6,1.4,3.6,-23.6134033203125,0.07468414306640625,-23.688087463378906,-0.23504401939433286,154982,11.95107071246702,592.0,3.0,324.8,1018.6
21,26,1-4-4-2-3-100-2_png.rf.26e23fd2d0db8cd2ca7d0bfeb38f826e.jpg,1-4-4-2-3-100-2_png,7,1.4,4.2,-39.7161750793457,-0.02823638916015625,-39.68793869018555,-0.4065421130449862,49623,10.812229866652954,287.0,389.0,438.0,250.0
22,27,1_4-4_5-6-100-6_png.rf.71ce24289b6600388084dd1492d0b1e3.jpg,1_4-4_5-6-100-6_png,6,1.4,4.5,-17.70180892944336,0.077362060546875,-17.779170989990234,-0.18817299549882183,154661,11.948997369671293,590.0,18.0,331.2,1001.281
23,28,1_4-4_5-3-100_png.rf.9605688146aeb4356a3ecb9b51196988.jpg,1_4-4_5-3-100_png,3,1.4,4.5,-8.032092094421387,0.1066131591796875,-8.138705253601074,-0.08373888656009697,114425,11.647683604832574,448.0,262.0,417.6,428.531
24,29,1_1-3_9-6-100-6_png.rf.a88998dc69448b1ad83e064fa76db9ca.jpg,1_1-3_9-6-100-6_png,6,1.1,3.9,-24.865623474121094,0.0576934814453125,-24.923316955566406,-0.20048619951204524,153157,11.939225347266222,594.0,5.0,328.0,1013.281
25,30,1-7-4-2_png.rf.5c7d7637db8da6a78ace9874fe6893cb.jpg,1-7-4-2_png,4,1.7,4.2,-33.72026824951172,0.016551971435546875,-33.736820220947266,-0.28869846322890697,3703,8.21716859576607,1507.0,1025.0,190.0,56.0
26,31,2-0-4-5_png.rf.0a34c6def6138079054dac3cc553b530.jpg,2-0-4-5_png,7,2.0,4.5,-56.51996612548828,0.08898162841796875,-56.60894775390625,-0.6532585680314064,2668,7.889459149404524,687.0,1045.0,106.675,44.349
27,32,1-4-4-8_png.rf.db8d86d6a8fcd4d7944d9af17d877479.jpg,1-4-4-8_png,1,1.4,4.8,-6.0004682540893555,-0.04888153076171875,-5.951586723327637,-0.05307086584442692,2857,7.957877358489813,1322.0,1058.0,170.0,59.0
28,33,0_8-4_2-3-100_png.rf.18653e40bfd1647302ca3d150de43a57.jpg,0_8-4_2-3-100_png,3,0.8,4.2,-18.094680786132812,0.0303802490234375,-18.12506103515625,-0.11167122231649505,111370,11.620622249425582,666.0,310.0,399.6,430.13
29,34,1_1-4_2-3-100-4_png.rf.f93cf7102162e314a6c52f1ddd451bab.jpg,1_1-4_2-3-100-4_png,3,1.1,4.2,-16.85832405090332,0.0965728759765625,-16.954896926879883,-0.12450806056807813,43583,10.682445389509184,476.0,205.0,196.0,452.0
30,35,1-4-3-9_png.rf.05159b6852fee25a7113174d24504832.jpg,1-4-3-9_png,10,1.4,3.9,-55.60478973388672,0.0777435302734375,-55.682533264160156,-0.41738749259405833,566,6.340359303727752,1494.0,848.0,22.0,54.0
31,38,2-3-3-6_png.rf.0cfb48560d17942562a31c07e008a348.jpg,2-3-3-6_png,10,2.3,3.6,-49.86487579345703,0.08340072631835938,-49.94827651977539,-0.5711425187526052,542,6.297109319933935,1494.0,848.0,21.0,55.0
32,41,1-1-4-2-7-10-2_png.rf.283e154f552f295b51f079d3240045a3.jpg,1-1-4-2-7-10-2_png,7,1.1,4.2,-58.577266693115234,0.123016357421875,-58.70028305053711,-0.487413812108496,498,6.212606095751519,676.0,495.0,41.0,23.0
34,43,1-1-3-9_png.rf.623480332ed46b80747e30151fbcc404.jpg,1-1-3-9_png,1,1.1,3.9,-5.043123245239258,-0.04114532470703125,-5.001977920532227,-0.03456313449113974,2822,7.945555428253489,1324.0,1059.0,169.0,58.0
35,44,1-1-3-9-3-10-4_png.rf.2ac73102331695d1ab2a5504200617cf.jpg,1-1-3-9-3-10-4_png,3,1.1,3.9,-18.706750869750977,0.0913848876953125,-18.79813575744629,-0.1517559001436499,613,6.419994928147142,681.0,498.0,23.0,52.0
36,45,1_7-4_8-6-100-6_png.rf.91f248759690878270cf5e8fbddd2ec7.jpg,1_7-4_8-6-100-6_png,6,1.7,4.8,-18.494037628173828,-0.01181793212890625,-18.482219696044922,-0.25408123965976526,152787,11.936806618599185,587.0,12.0,323.2,1010.565
37,46,1_1-4_2-2-100-3_png.rf.e86c31e639dd005cfb5488246f6e6457.jpg,1_1-4_2-2-100-3_png,2,1.1,4.2,-3.3093624114990234,-0.02252197265625,-3.2868404388427734,-0.02546581315763309,562249,13.239701869821562,256.0,25.0,1082.0,911.0
38,47,1-4-3-3_png.rf.e01c097c09b034407d3560c2f71e1f1a.jpg,1-4-3-3_png,8,1.4,3.3,-62.9539680480957,0.01043701171875,-62.96440505981445,-0.40729613405597903,2579,7.855544677915663,1307.0,900.0,58.0,63.0
39,48,1_4-3_9-2-100-3_png.rf.4ab8e79bed923de2b2e025c3f2ba23f6.jpg,1_4-3_9-2-100-3_png,2,1.4,3.9,-1.6950664520263672,0.19582366943359375,-1.890890121459961,-0.019749346881906448,560022,13.235733133296495,257.0,23.0,1080.0,911.0
40,49,1-7-3-6_png.rf.407e35fc1a0d153e0e145357b5626217.jpg,1-7-3-6_png,9,1.7,3.6,-64.07193756103516,-0.0732269287109375,-63.99871063232422,-0.49650199857047106,2538,7.839525581704678,1453.0,768.0,97.0,61.0
41,50,1-1-4-8_png.rf.dacb87c5415ad4b2b5c3daabf1fc8f59.jpg,1-1-4-8_png,1,1.1,4.8,-5.176921844482422,-0.00836181640625,-5.168560028076172,-0.04471492690010231,2821,7.945201132412759,1322.0,1058.0,169.0,57.0
42,51,1_7-4_8-3-100_png.rf.0730fec7074639f1c6757fe740a2c695.jpg,1_7-4_8-3-100_png,3,1.7,4.8,-8.090431213378906,-0.0309906005859375,-8.059440612792969,-0.10743884698771788,112323,11.62914283116114,456.0,267.0,409.6,423.734
43,52,1_7-4_5-6-100-6_png.rf.6e3d501f7bcdb51ffb120b876223d08a.jpg,1_7-4_5-6-100-6_png,6,1.7,4.5,-18.969242095947266,-0.04152679443359375,-18.927715301513672,-0.2620694445178022,154624,11.94875810969479,587.0,8.0,337.6,1014.6
44,53,2-0-3-6_png.rf.3d69e14f466659a7ee0483f5fa76bf24.jpg,2-0-3-6_png,10,2.0,3.6,-52.35285568237305,0.10299301147460938,-52.455848693847656,-0.48786194277034056,559,6.327936783729195,1493.0,850.0,22.0,54.0
47,58,0_8-4_5-6-100-6_png.rf.30359b5620a1f732f5ddd7eaec705ca9.jpg,0_8-4_5-6-100-6_png,6,0.8,4.5,-25.044775009155273,-0.04726409912109375,-24.99751091003418,-0.1591223229937557,150830,11.923915283721092,594.0,2.0,332.8,1020.6
48,59,2-0-4-2_png.rf.c332436ded6c863ffe997890c55583bf.jpg,2-0-4-2_png,7,2.0,4.2,-55.83416748046875,-0.05274200439453125,-55.78142547607422,-0.6294481773733542,2328,7.753194269884341,687.0,1051.0,106.243,38.867
49,60,2-0-3-6_png.rf.3fc229b5df2e28f7a05607a551216f1b.jpg,2-0-3-6_png,7,2.0,3.6,-57.02371597290039,-0.07991790771484375,-56.94379806518555,-0.612476370743082,2008,7.605392364814934,686.0,1053.0,101.951,30.96
50,61,2-0-3-9_png.rf.02a4293495d8b213047de38eb520f58b.jpg,2-0-3-9_png,1,2.0,3.9,-5.133342266082764,-0.060302734375,-5.073039531707764,-0.05318219632945326,2975,7.998335395952982,1322.0,1058.0,170.0,60.0
51,62,2-3-3-3_png.rf.5e9a734bca4015ce75e1db5eba5f3b4e.jpg,2-3-3-3_png,9,2.3,3.3,-54.8393669128418,-0.11408233642578125,-54.725284576416016,-0.589461891607488,2391,7.779885115070522,1453.0,768.0,96.0,60.0
52,63,1-4-4-5_png.rf.4b994a44226b69733801be9ebc44900a.jpg,1-4-4-5_png,1,1.4,4.5,-7.135075569152832,-0.01194000244140625,-7.123135566711426,-0.06024639112844942,1435,7.269616749608169,1277.0,950.0,31.37,82.007
53,64,1-7-3-6-3-100-2_png.rf.b44f5fc19f8902c0f1aed1d721b4009c.jpg,1-7-3-6-3-100-2_png,7,1.7,3.6,-34.09825134277344,-0.03075408935546875,-34.06749725341797,-0.441776427417416,49465,10.809040843867542,421.0,357.0,436.0,246.0
54,65,1-1-3-3_png.rf.1588a2e811cff88ce0bac79c7ea61845.jpg,1-1-3-3_png,4,1.1,3.3,-34.20030212402344,-0.02925872802734375,-34.171043395996094,-0.2019902607046066,3793,8.24117615049496,1506.0,1027.0,191.0,58.0
55,66,1-4-4-8_png.rf.f46d5b3e3065366457ae1906bf371694.jpg,1-4-4-8_png,7,1.4,4.8,-61.63663101196289,0.08968353271484375,-61.726314544677734,-0.5623697920648959,2185,7.689828668736484,685.0,1052.0,105.165,34.811
56,67,1-4-3-9_png.rf.f492364b1989e6d604c0bcf83c304dd5.jpg,1-4-3-9_png,4,1.4,3.9,-27.994930267333984,0.0129547119140625,-28.007884979248047,-0.2038929589173724,3704,8.217438537730187,1506.0,1026.0,190.0,57.0
57,68,0-8-3-9-6-10-6_png.rf.7727909cde990ecc79216d1b96fda888.jpg,0-8-3-9-6-10-6_png,6,0.8,3.9,-40.250877380371094,0.10686492919921875,-40.35774230957031,-0.2647646495294592,1702,7.440146680662688,685.0,470.0,37.334,127.779
58,69,1_1-4_8-3-100_png.rf.f80e9ed0e77f811810e61aa26d87e516.jpg,1_1-4_8-3-100_png,3,1.1,4.8,-11.999205589294434,-0.0835723876953125,-11.915633201599121,-0.08932523809965016,111372,11.620640207260585,452.0,263.0,408.8,438.125
59,70,1_1-4_8-6-100-6_png.rf.386e54e67e4c29b456cc3fcb277e2700.jpg,1_1-4_8-6-100-6_png,6,1.1,4.8,-23.860321044921875,0.0924835205078125,-23.952804565429688,-0.18554800437058847,158484,11.973415230597112,586.0,4.0,332.8,1018.6
60,71,2-0-4-2_png.rf.98bc283adde2dbb44e27c9ad58658945.jpg,2-0-4-2_png,1,2.0,4.2,-3.3314523696899414,-0.0338287353515625,-3.297623634338379,-0.0352228915235555,1435,7.269616749608169,1278.0,947.0,28.675,81.077
61,72,2-3-3-3_png.rf.e715422f3eb1a8be968b9f3df98dd932.jpg,2-3-3-3_png,2,2.3,3.3,-13.959868431091309,-0.0088348388671875,-13.951033592224121,-0.11388700280272197,869,6.76849321164863,1445.0,790.0,33.0,62.0
62,73,2-0-3-9_png.rf.1030f4c5e8c3d52f71478c3d12cf6e78.jpg,2-0-3-9_png,8,2.0,3.9,-60.27732849121094,0.0308837890625,-60.30821228027344,-0.6190940103317593,429,6.063785208687608,1545.0,976.0,43.47,34.178
62,74,2-0-3-9_png.rf.1030f4c5e8c3d52f71478c3d12cf6e78.jpg,2-0-3-9_png,7,2.0,3.9,-39.743896484375,-0.007537841796875,-39.736358642578125,-0.4246806979789946,2082,7.641564441260972,941.0,890.0,63.0,88.0
62,75,2-0-3-9_png.rf.1030f4c5e8c3d52f71478c3d12cf6e78.jpg,2-0-3-9_png,6,2.0,3.9,-46.25286102294922,0.05865478515625,-46.31151580810547,-0.4764204883924884,769,6.646390514847729,1562.0,978.0,60.928,21.335
63,76,1-4-4-2_png.rf.076c145d98f3218171abce1595a647b1.jpg,1-4-4-2_png,8,1.4,4.2,-66.33854675292969,0.04876708984375,-66.38731384277344,-0.5516582172020643,471,6.156978985585555,1543.0,978.0,46.508,32.342
63,77,1-4-4-2_png.rf.076c145d98f3218171abce1595a647b1.jpg,1-4-4-2_png,7,1.4,4.2,-57.77766418457031,0.0861053466796875,-57.86376953125,-0.49728905627974374,1909,7.554858521040676,944.0,890.0,60.0,89.0
63,78,1-4-4-2_png.rf.076c145d98f3218171abce1595a647b1.jpg,1-4-4-2_png,6,1.4,4.2,-48.72509765625,0.09354400634765625,-48.818641662597656,-0.40625751762087475,744,6.61338421837956,1566.0,980.0,53.73,22.058
64,79,1-7-3-6-3-10-4_png.rf.7706566b09988ab96aa292145be3ff1e.jpg,1-7-3-6-3-10-4_png,3,1.7,3.6,-15.513533592224121,-0.003448486328125,-15.510085105895996,-0.22735023921711292,564,6.336825731146441,682.0,499.0,22.0,51.0
65,80,1-7-4-8_png.rf.8d87fcd0542156ea4bfce103f4562988.jpg,1-7-4-8_png,1,1.7,4.8,-4.235269069671631,-0.07878875732421875,-4.156480312347412,-0.04141587004708866,2843,7.952966790923131,1322.0,1058.0,169.0,59.0
66,81,1-7-4-2_png.rf.c13d1a9b1c75e2e36673574149b0536b.jpg,1-7-4-2_png,1,1.7,4.2,-2.355632781982422,0.02715301513671875,-2.3827857971191406,-0.020428522361967096,4531,8.418918622147897,1323.0,980.0,128.265,60.576
67,82,1_4-3_9-3-100-4_png.rf.1fe85423000f028ef309c98bb6093f63.jpg,1_4-3_9-3-100-4_png,3,1.4,3.9,-12.962270736694336,0.043003082275390625,-13.005273818969727,-0.12743124515440457,44012,10.692240323807754,476.0,202.0,193.0,452.0
68,83,2-0-3-3_png.rf.925e14054494dd440ccb06f615e5e7cd.jpg,2-0-3-3_png,4,2.0,3.3,-16.317155838012695,-0.00598907470703125,-16.311166763305664,-0.16791444452970442,8041,8.992433087457218,1306.0,1070.0,171.281,96.472
69,84,1_4-4_2-3-100-4_png.rf.d987341b6365626d8bcb976e62677fd2.jpg,1_4-4_2-3-100-4_png,3,1.4,4.2,-14.08323860168457,-0.001850128173828125,-14.081388473510742,-0.14064253458901582,43593,10.682674805188459,476.0,205.0,196.0,452.0
70,85,2-0-3-6_png.rf.fba21ca3e8b92ab2c54c0c7a02e5ca6f.jpg,2-0-3-6_png,1,2.0,3.6,-5.633923530578613,-0.08904647827148438,-5.544877052307129,-0.056461214452952206,2844,7.953318346560431,1322.0,1058.0,169.0,60.0
71,86,1-4-4-2-12-100-5_png.rf.a45f1edf805501a602bd6352f991f3eb.jpg,1-4-4-2-12-100-5_png,9,1.4,4.2,-46.73421859741211,-0.02411651611328125,-46.71010208129883,-0.47353136811916585,63138,11.053093924165847,586.0,242.0,266.0,500.0
72,87,1-7-3-3_png.rf.2cab010acaac2b68ec0bb1c44f5d3755.jpg,1-7-3-3_png,4,1.7,3.3,-18.602657318115234,0.016124725341796875,-18.61878204345703,-0.15338464924746395,8095,8.999125391527247,1308.0,1068.0,173.51,97.814
72,88,1-7-3-3_png.rf.2cab010acaac2b68ec0bb1c44f5d3755.jpg,1-7-3-3_png,3,1.7,3.3,-16.863414764404297,0.006381988525390625,-16.869796752929688,-0.13838540617063436,6469,8.774931387494947,1402.0,1062.0,162.571,77.29
72,89,1-7-3-3_png.rf.2cab010acaac2b68ec0bb1c44f5d3755.jpg,1-7-3-3_png,4,1.7,3.3,-18.18119239807129,0.021846771240234375,-18.203039169311523,-0.14905524969739564,2189,7.691656822810547,1499.0,1057.0,108.381,47.469
73,90,1-7-4-2_png.rf.81f1ec2b360aed9d52faff0953fb6767.jpg,1-7-4-2_png,1,1.7,4.2,-3.888491630554199,-0.01739501953125,-3.871096611022949,-0.03315461600673244,1618,7.389563953677635,1276.0,946.0,30.191,81.783
74,91,1-4-3-9-12-10-5_png.rf.dc5755f99a8b2b3c87f59f2923c8ace3.jpg,1-4-3-9-12-10-5_png,9,1.4,3.9,-56.4349250793457,-0.0249176025390625,-56.41000747680664,-0.6465899724749181,627,6.4425401664681985,693.0,494.0,26.0,48.0
75,92,1_4-4_5-2-100-3_png.rf.7f909e9237377be9b018ad20e85265de.jpg,1_4-4_5-2-100-3_png,2,1.4,4.5,-3.122323989868164,0.07374191284179688,-3.196065902709961,-0.033670209777552154,560279,13.236191937752983,240.0,20.0,1098.0,911.0
76,93,0-8-4-2-2-10-3_png.rf.e877450e1ac246ac22a5273582a6190e.jpg,0-8-4-2-2-10-3_png,2,0.8,4.2,-11.190073013305664,0.0450592041015625,-11.235132217407227,-0.07291244780160203,5631,8.63621989783788,652.0,465.0,112.0,87.0
77,94,1-7-4-2_png.rf.590ea26f90099b365668b33fca049963.jpg,1-7-4-2_png,7,1.7,4.2,-57.33613586425781,-0.032390594482421875,-57.30374526977539,-0.5718098710661369,2421,7.792348924113037,685.0,1051.0,106.177,39.099
78,95,1-4-3-9_png.rf.698cb0a376f514d9a60369673b8ffe02.jpg,1-4-3-9_png,1,1.4,3.9,-5.008704662322998,0.0160064697265625,-5.0247111320495605,-0.03704106421410107,1580,7.3658128372094716,1275.0,946.0,34.73,81.856
79,96,2-0-3-3_png.rf.d901e24fb364ff365fec5a8998dd923f.jpg,2-0-3-3_png,10,2.0,3.3,-56.473289489746094,0.15241241455078125,-56.625701904296875,-0.49160400055452497,581,6.366470447731438,1493.0,847.0,22.0,55.0
80,99,0_8-3_9-3-100_png.rf.315efbe5cfa3092d82103032fd3a6583.jpg,0_8-3_9-3-100_png,3,0.8,3.9,-20.512134552001953,0.014434814453125,-20.526569366455078,-0.12427352792144296,111480,11.621609451774527,660.0,323.0,410.8,417.338
81,100,1_7-4_5-3-100-4_png.rf.1244211cc8c45a78894228669e8a2ed4.jpg,1_7-4_5-3-100-4_png,3,1.7,4.5,-9.184715270996094,-0.040771484375,-9.143943786621094,-0.12458495589737363,44276,10.698220633849886,477.0,205.0,196.0,452.0
83,102,1_7-3_3-3-100_png.rf.486e160fc43b2e6c42316993932af153.jpg,1_7-3_3-3-100_png,3,1.7,3.3,-6.574969291687012,0.06109619140625,-6.636065483093262,-0.08459446218035845,112833,11.6336729910684,492.0,183.0,407.2,430.129
84,103,0_8-4_5-2-100-3_png.rf.2ecd7b27bf5a85a2ab964888eb01a2b6.jpg,0_8-4_5-2-100-3_png,2,0.8,4.5,-2.4399871826171875,0.00844573974609375,-2.4484329223632812,-0.01578850785979109,563233,13.241450451321997,265.0,24.0,1071.0,912.0
85,104,0-8-4-5-7-10-2_png.rf.d04e1b282cf4cbfd20a9f06418a862be.jpg,0-8-4-5-7-10-2_png,7,0.8,4.5,-65.82147216796875,0.1251068115234375,-65.94657897949219,-0.4996858085472793,456,6.124683390894205,677.0,495.0,39.0,22.0
86,105,1-1-3-9-3-10_png.rf.e7139b506e18616f1b606e2b99c7d54f.jpg,1-1-3-9-3-10_png,3,1.1,3.9,-20.69375228881836,0.032581329345703125,-20.726333618164062,-0.16523146127226257,957,6.86484777797086,692.0,495.0,39.428,38.507
87,106,1-1-4-5-3-10-4_png.rf.1930ecac4fb716eb7b49390bec245c45.jpg,1-1-4-5-3-10-4_png,3,1.1,4.5,-16.771320343017578,0.042552947998046875,-16.813873291015625,-0.14932013720908505,602,6.401917196727186,682.0,496.0,24.0,54.0
88,107,0_8-3_6-3-100-4_png.rf.422f9abb5f2e946d93e10e275a7651b4.jpg,0_8-3_6-3-100-4_png,3,0.8,3.6,-13.609973907470703,0.03241729736328125,-13.642391204833984,-0.08290501548463027,43657,10.684141820534307,475.0,206.0,195.0,452.0
89,108,1-4-3-6-3-10-4_png.rf.6eeeb2f2d66d855f1234509223102911.jpg,1-4-3-6-3-10-4_png,3,1.4,3.6,-18.476699829101562,-0.00351715087890625,-18.473182678222656,-0.2003460294935947,578,6.361302477572996,682.0,497.0,21.0,51.0
90,109,2-0-3-9_png.rf.4ee4d42b4d799e45d26254deaa47b7ef.jpg,2-0-3-9_png,9,2.0,3.9,-57.34867477416992,0.011554718017578125,-57.3602294921875,-0.5343276322333532,2442,7.8009820712577405,1453.0,768.0,97.0,61.0
91,110,1-7-3-3_png.rf.31ae33f756a0aedc8dbeea1df6f22af7.jpg,1-7-3-3_png,8,1.7,3.3,-60.436492919921875,-0.015045166015625,-60.42144775390625,-0.4243282622931566,2591,7.860185057472165,1308.0,899.0,60.0,63.0
92,111,1-7-3-6_png.rf.d9a55a944ba0f9a7317593ffde720dae.jpg,1-7-3-6_png,1,1.7,3.6,-3.601555347442627,-0.0228729248046875,-3.5786824226379395,-0.029354237065604253,1524,7.329749689041512,1277.0,943.0,29.658,85.501
93,112,1-7-4-5_png.rf.55867e524dbd7408fa6ed4ed191e521e.jpg,1-7-4-5_png,8,1.7,4.5,-59.49586868286133,-0.0137786865234375,-59.48208999633789,-0.5682744716986949,332,5.808142489980444,1545.0,979.0,40.603,29.747
93,113,1-7-4-5_png.rf.55867e524dbd7408fa6ed4ed191e521e.jpg,1-7-4-5_png,7,1.7,4.5,-47.66717529296875,-0.07835769653320312,-47.58881759643555,-0.4698763455845242,1438,7.271703706887368,939.0,890.0,59.046,90.632
93,114,1-7-4-5_png.rf.55867e524dbd7408fa6ed4ed191e521e.jpg,1-7-4-5_png,6,1.7,4.5,-44.35116958618164,0.0128021240234375,-44.36397171020508,-0.4235794466803949,761,6.635946555686647,1559.0,981.0,62.602,20.672
94,115,1_7-4_5-2-100-3_png.rf.e5bf428120ed67985eea4f743de1b02f.jpg,1_7-4_5-2-100-3_png,2,1.7,4.5,-2.637293815612793,0.09185409545898438,-2.7291479110717773,-0.03874176433293615,562496,13.240141079713156,236.0,26.0,1102.0,908.0
95,116,0-8-4-2-7-100-2_png.rf.35ac0108bf9e5f94f93327fcf6b20fe3.jpg,0-8-4-2-7-100-2_png,7,0.8,4.2,-43.71869659423828,-0.09116363525390625,-43.627532958984375,-0.27045454029499033,49317,10.80604440495564,524.0,310.0,436.0,249.0
96,117,1-7-3-9_png.rf.c582e955f786b0ba3d85daaf24041918.jpg,1-7-3-9_png,1,1.7,3.9,-2.978940963745117,-0.03546905517578125,-2.943471908569336,-0.024537874927462528,1811,7.502186486602925,1273.0,933.0,34.859,96.029
97,118,1-4-3-9_png.rf.9c031c083546c181258720fd342dd113.jpg,1-4-3-9_png,8,1.4,3.9,-57.967533111572266,0.03713226318359375,-58.00466537475586,-0.4382981163088813,2634,7.876638460975463,1308.0,899.0,60.0,64.0
98,119,1-1-3-3_png.rf.8ecfe0f60c2afbe95fcb3c05913eba08.jpg,1-1-3-3_png,8,1.1,3.3,-76.50837707519531,0.077423095703125,-76.58580017089844,-0.5350537129592081,254,5.541263545158426,1542.0,974.0,45.356,32.674
98,120,1-1-3-3_png.rf.8ecfe0f60c2afbe95fcb3c05913eba08.jpg,1-1-3-3_png,7,1.1,3.3,-63.84603500366211,0.03497314453125,-63.88100814819336,-0.46034033029881893,1547,7.344719054149673,942.0,889.0,57.762,84.312
98,121,1-1-3-3_png.rf.8ecfe0f60c2afbe95fcb3c05913eba08.jpg,1-1-3-3_png,6,1.1,3.3,-55.84177780151367,0.0033111572265625,-55.845088958740234,-0.39066124225079635,838,6.732210706467206,1559.0,978.0,61.396,22.679
99,122,1-7-3-6_png.rf.50ba7e2e614d499e29265db0c2935702.jpg,1-7-3-6_png,8,1.7,3.6,-59.378143310546875,0.1409759521484375,-59.51911926269531,-0.5408390020757851,372,5.921578419643816,1546.0,978.0,41.583,30.385
99,123,1-7-3-6_png.rf.50ba7e2e614d499e29265db0c2935702.jpg,1-7-3-6_png,7,1.7,3.6,-44.8096809387207,-0.01148223876953125,-44.79819869995117,-0.42239376509489596,1704,7.4413203897176174,941.0,891.0,59.219,88.145
99,124,1-7-3-6_png.rf.50ba7e2e614d499e29265db0c2935702.jpg,1-7-3-6_png,6,1.7,3.6,-46.56045150756836,0.0729522705078125,-46.63340377807617,-0.4239739101024585,776,6.655440350367647,1564.0,978.0,59.743,23.126
100,125,2-0-3-9_png.rf.d2c1e3dea6b0286e989fd1a0c59584d7.jpg,2-0-3-9_png,10,2.0,3.9,-53.53617858886719,0.1146392822265625,-53.65081787109375,-0.5127589636495682,552,6.315358001522335,1493.0,848.0,22.0,54.0
101,128,0_8-3_9-6-100-6_png.rf.eb70dbed372fde1a8eeba331d408646b.jpg,0_8-3_9-6-100-6_png,6,0.8,3.9,-21.186349868774414,-0.00235748291015625,-21.183992385864258,-0.13361561988528212,156210,11.958962936443383,592.0,12.0,328.0,1008.88
103,130,1-4-3-9-12-100-5_png.rf.57d864b235718f7371229e26c0f6f69d.jpg,1-4-3-9-12-100-5_png,9,1.4,3.9,-49.11675262451172,-0.05999755859375,-49.05675506591797,-0.4897143838535084,63191,11.053932989844254,585.0,241.0,266.0,502.0
104,131,1-4-4-5-2-10-3_png.rf.e0bc8357f7b89a69e5a629a720e8fce2.jpg,1-4-4-5-2-10-3_png,2,1.4,4.5,-10.362796783447266,0.010211944580078125,-10.373008728027344,-0.10951190513491176,5517,8.615770754777232,652.0,466.0,113.0,87.0
105,132,1-1-4-5_png.rf.7e33b0c527c83096799dbe73c44947b2.jpg,1-1-4-5_png,7,1.1,4.5,-64.98058319091797,-0.0184478759765625,-64.9621353149414,-0.5764507798592303,2778,7.929846429742503,683.0,1051.0,108.498,36.668
106,133,0-8-4-2-12-100-5_png.rf.b9b208bdce743e00daa47462989b0204.jpg,0-8-4-2-12-100-5_png,9,0.8,4.2,-56.861114501953125,-0.0814208984375,-56.779693603515625,-0.37221524805420714,63344,11.056351256036153,586.0,240.0,266.0,501.0
108,135,2-0-4-5_png.rf.7c5d3eb92b26ca429afc8700b2e2d5ef.jpg,2-0-4-5_png,1,2.0,4.5,-3.1647794246673584,-0.07672119140625,-3.0880582332611084,-0.03352142523502839,1366,7.220373836723949,1279.0,946.0,26.245,84.82
109,136,0_8-4_8-2-100-3_png.rf.8a66934445864ea927cfaf6538e75a0d.jpg,0_8-4_8-2-100-3_png,2,0.8,4.8,-3.897777557373047,0.144317626953125,-4.042095184326172,-0.02774056443137355,566009,13.246367024873768,207.0,25.0,1132.0,910.0
110,137,1-4-3-6_png.rf.506e6f8217cf3f23b6b66a721ead12f9.jpg,1-4-3-6_png,8,1.4,3.6,-61.98784255981445,-0.05564117431640625,-61.93220138549805,-0.430009047717173,2603,7.86480400332846,1309.0,899.0,59.0,63.0
111,138,1-1-4-5-12-100-5_png.rf.fd9c9e832b49c77db7d27572b292bdd5.jpg,1-1-4-5-12-100-5_png,9,1.1,4.5,-57.98979187011719,-0.0726165771484375,-57.91717529296875,-0.43818837438446395,63097,11.052444352305907,587.0,242.0,265.0,501.0
112,139,1-7-3-6-12-100-5_png.rf.964bc88ac4b9df5d60924864c973cfc7.jpg,1-7-3-6-12-100-5_png,9,1.7,3.6,-43.781394958496094,-0.09633636474609375,-43.68505859375,-0.5691499957258246,63078,11.052143188066092,585.0,241.0,266.0,501.0
113,140,1-7-3-3_png.rf.6cf67ff9099ab0ce57156e0529384bea.jpg,1-7-3-3_png,1,1.7,3.3,-6.178497791290283,-0.12069320678710938,-6.057804584503174,-0.04881498971053822,2939,7.986164860332727,1322.0,1059.0,170.0,59.0
114,141,0-8-4-2-6-10-6_png.rf.f06bc3ebab8cf4997dc15e7d8f16e2c4.jpg,0-8-4-2-6-10-6_png,6,0.8,4.2,-42.81462097167969,0.0200653076171875,-42.834686279296875,-0.2954284174789364,1785,7.487733761436444,682.0,468.0,40.333,133.193
115,142,1_1-3_6-3-100-4_png.rf.e368392c4c3ff1748041adcd52dbf546.jpg,1_1-3_6-3-100-4_png,3,1.1,3.6,-11.270358085632324,-0.033782958984375,-11.23657512664795,-0.08259118534471156,43871,10.689031582362041,474.0,206.0,196.0,450.0
116,143,1-4-3-9_png.rf.b58046ccab02c43dbd2b868ec3640a4c.jpg,1-4-3-9_png,9,1.4,3.9,-73.79822540283203,0.0145721435546875,-73.81279754638672,-0.5606629561084433,2543,7.841492924460013,1454.0,769.0,96.0,60.0
117,144,0-8-3-6-12-100-5_png.rf.fdde129f448b2c6f99067ae63e4fda0a.jpg,0-8-3-6-12-100-5_png,9,0.8,3.6,-57.904109954833984,0.04433441162109375,-57.94844436645508,-0.3731504890237408,63457,11.058133548725012,583.0,239.0,265.0,503.0
118,145,1_1-4_2-3-100_png.rf.42570de34f7073cfee581b86f8af573d.jpg,1_1-4_2-3-100_png,3,1.1,4.2,-16.67237091064453,-0.0297088623046875,-16.642662048339844,-0.12134094840303368,111420,11.621071098583894,664.0,315.0,401.6,431.729
119,146,1-4-4-2_png.rf.721481f17552402d880ef5900c63faf4.jpg,1-4-4-2_png,1,1.4,4.2,-6.493600368499756,-0.0194091796875,-6.474191188812256,-0.05081876395541692,1445,7.27655640271871,1276.0,956.0,31.389,75.627
120,147,1_7-4_2-2-100-3_png.rf.ff8ad4d9aa5b08ad94ec045d356a643c.jpg,1_7-4_2-2-100-3_png,2,1.7,4.2,-3.873520851135254,0.00891876220703125,-3.882439613342285,-0.05546198436712217,558877,13.233686481448514,258.0,24.0,1080.0,909.0
121,148,1-4-3-3_png.rf.6668aa2907434c01664475b36ff7ac32.jpg,1-4-3-3_png,4,1.4,3.3,-26.92713737487793,-0.079986572265625,-26.847150802612305,-0.17522625381857626,3864,8.259716961021523,1505.0,1026.0,191.0,57.0
122,149,1-7-3-6_png.rf.542cf4e512e41802a242248e50d73fb1.jpg,1-7-3-6_png,1,1.7,3.6,-5.809937477111816,-0.1140289306640625,-5.695908546447754,-0.046842097321249415,2956,7.9919305198524775,1323.0,1061.0,169.0,58.0
123,150,2-0-4-8_png.rf.22b12e455b24cf01141f154232072b13.jpg,2-0-4-8_png,1,2.0,4.8,-2.422886848449707,-0.013462066650390625,-2.4094247817993164,-0.026608736018134592,1658,7.413970290190444,1274.0,945.0,34.48,83.441
124,151,2-0-3-3_png.rf.dfe778684e22e24d4bbc2a0596af932e.jpg,2-0-3-3_png,8,2.0,3.3,-55.40958786010742,-0.062152862548828125,-55.347434997558594,-0.48043504261696834,2602,7.864419904994565,1302.0,893.0,60.0,62.0
125,152,1_1-4_5-6-100-6_png.rf.0b8e3442181b82ee809fae0aff8f441c.jpg,1_1-4_5-6-100-6_png,6,1.1,4.5,-22.87417221069336,-0.02689361572265625,-22.847278594970703,-0.17213628930756875,159510,11.979868164346266,586.0,3.0,336.0,1020.28
126,153,1-7-3-6_png.rf.c553888bbb4f29eae5695f31b560900b.jpg,1-7-3-6_png,8,1.7,3.6,-56.04208755493164,-0.0519561767578125,-55.99013137817383,-0.4329646385256566,2646,7.881182202227102,1308.0,899.0,60.0,64.0
127,154,0-8-4-5-12-100-5_png.rf.d27c5131de768145c0426d580c16b1be.jpg,0-8-4-5-12-100-5_png,9,0.8,4.5,-57.9656982421875,0.0231170654296875,-57.98881530761719,-0.38166862186610284,62911,11.049492203506839,586.0,241.0,266.0,501.0
128,155,1-1-3-3_png.rf.49cebed77ee5ec9b29f049acad6e2b79.jpg,1-1-3-3_png,1,1.1,3.3,-6.162255764007568,-0.07669830322265625,-6.085557460784912,-0.03609241782301115,2804,7.9391588179567965,1323.0,1058.0,170.0,60.0
130,157,1-4-4-8-12-100-5_png.rf.0555e2344387b938e225ac587bed8c57.jpg,1-4-4-8-12-100-5_png,9,1.4,4.8,-50.936561584472656,-0.06977081298828125,-50.866790771484375,-0.5203356014988185,63080,11.052174893836543,587.0,242.0,264.0,500.0
131,158,2-0-3-6_png.rf.5bb8149664dcb3d94ba83f2ff79fa905.jpg,2-0-3-6_png,9,2.0,3.6,-60.83592224121094,-0.054107666015625,-60.78181457519531,-0.5367228433585719,2479,7.8160138391590275,1453.0,768.0,96.0,60.0
132,159,1-1-3-6_png.rf.41f8282f4d610f31de920e2ddda062ec.jpg,1-1-3-6_png,1,1.1,3.6,-6.524067401885986,0.0284881591796875,-6.552555561065674,-0.04191332781911032,2882,7.9665866976384025,1323.0,1058.0,169.0,59.0
133,160,0_8-3_9-3-100-4_png.rf.a0ea87f8dc3849c82ca77e62678da871.jpg,0_8-3_9-3-100-4_png,3,0.8,3.9,-13.564697265625,0.05941009521484375,-13.624107360839844,-0.08341489974221683,43708,10.685309309535713,475.0,206.0,195.0,452.0
134,161,0_8-3_6-6-100-6_png.rf.f710411774b36466e267112827b949a5.jpg,0_8-3_6-6-100-6_png,6,0.8,3.6,-22.051740646362305,0.04915618896484375,-22.10089683532715,-0.13806741614055076,151397,11.927667409858602,592.0,12.0,323.2,1005.682
135,162,1_1-4_5-3-100-4_png.rf.223b501cee6e7eb4d02511764b426737.jpg,1_1-4_5-3-100-4_png,3,1.1,4.5,-13.622743606567383,-0.02587127685546875,-13.596872329711914,-0.10202079595454404,43588,10.682560103927765,474.0,204.0,197.0,453.0
136,163,1_7-4_2-6-100-6_png.rf.990c8e7dc81a0a2d300343068da7acde.jpg,1_7-4_2-6-100-6_png,6,1.7,4.2,-18.575923919677734,0.009613037109375,-18.58553695678711,-0.2543764551853808,158614,11.974235161264303,584.0,3.0,326.4,1017.082
137,164,1-4-3-6_png.rf.e93f378564d40fcce19c08ba50d4b80e.jpg,1-4-3-6_png,4,1.4,3.6,-27.393596649169922,0.0255279541015625,-27.419124603271484,-0.18672074337506203,3734,8.225503097566918,1505.0,1026.0,191.0,57.0
138,165,0_5-3_6-3-100_png.rf.a37dca445803ab946ffc1b764fe8b01a.jpg,0_5-3_6-3-100_png,3,0.5,3.6,-10.092249870300293,0.2030029296875,-10.295252799987793,-0.06021810184415401,110945,11.616798875435041,494.0,193.0,408.4,420.535
139,166,2-0-3-6_png.rf.dfd2ed6d229fdff01bf4e2646f79ed30.jpg,2-0-3-6_png,8,2.0,3.6,-60.103050231933594,-0.01031494140625,-60.092735290527344,-0.6043176954204597,358,5.883322388488279,1544.0,977.0,42.427,31.014
139,167,2-0-3-6_png.rf.dfd2ed6d229fdff01bf4e2646f79ed30.jpg,2-0-3-6_png,7,2.0,3.6,-41.097137451171875,-0.00122833251953125,-41.095909118652344,-0.4294338345858068,1542,7.341483852363161,941.0,889.0,57.074,86.246
139,168,2-0-3-6_png.rf.dfd2ed6d229fdff01bf4e2646f79ed30.jpg,2-0-3-6_png,6,2.0,3.6,-46.55555725097656,-0.0601654052734375,-46.495391845703125,-0.4675891015436421,692,6.541029999189903,1561.0,980.0,59.831,20.367
140,169,1-1-4-2-12-100-5_png.rf.a06707ba39ac8a29078cd1cef195266e.jpg,1-1-4-2-12-100-5_png,9,1.1,4.2,-57.467899322509766,-0.1129913330078125,-57.35490798950195,-0.4265394689107015,62715,11.046371877480341,586.0,240.0,265.0,501.0
141,170,0_8-3_3-3-100_png.rf.a012420ec64f66620ccc5a96800803b2.jpg,0_8-3_3-3-100_png,3,0.8,3.3,-13.030547142028809,-0.08855438232421875,-12.94199275970459,-0.0780537470824164,112815,11.633513451958821,491.0,193.0,409.6,420.535
142,171,1_1-4_5-2-100-3_png.rf.f34372d84d1a09f32dab0ddd3bbdc3a2.jpg,1_1-4_5-2-100-3_png,2,1.1,4.5,-2.8826160430908203,-0.035125732421875,-2.8474903106689453,-0.022328057334801345,561800,13.238902973643576,265.0,23.0,1073.0,910.0
143,172,1-7-3-9-3-100-2_png.rf.ee81b88ff4edb73bd3d52cb407594140.jpg,1-7-3-9-3-100-2_png,7,1.7,3.9,-35.232669830322266,-0.005077362060546875,-35.22759246826172,-0.45745727973996764,49638,10.81253209407131,423.0,355.0,437.0,248.0
144,173,1_7-4_8-2-100-3_png.rf.35cff443e29eb149afc2100cf8f53c85.jpg,1_7-4_8-2-100-3_png,2,1.7,4.8,-3.4791316986083984,-0.0275115966796875,-3.451620101928711,-0.048549166667560935,557528,13.231269798900744,267.0,24.0,1070.0,909.0
145,174,2-0-3-9_png.rf.949fa39f6d31623a6121b4a7e8353f35.jpg,2-0-3-9_png,4,2.0,3.9,-19.29681396484375,-0.023609161376953125,-19.273204803466797,-0.20042418551660146,3638,8.19946419761216,1505.0,1027.0,192.0,58.0
147,176,2-3-3-6_png.rf.3c4a60517d910f7cc6ef6f04131c8b3b.jpg,2-3-3-6_png,9,2.3,3.6,-52.76165771484375,-0.049739837646484375,-52.711917877197266,-0.5850976450456972,2397,7.7823903355874595,1453.0,768.0,96.0,60.0
148,177,1-1-3-3_png.rf.707bafc38e8ad25edf097d5042aa696e.jpg,1-1-3-3_png,7,1.1,3.3,-66.6891098022461,0.05810546875,-66.7472152709961,-0.5106625363937978,3275,8.09437844497296,682.0,1047.0,115.922,51.496
149,178,1-4-4-8_png.rf.1d7e57ba37060f71327c9d909b9c5f38.jpg,1-4-4-8_png,4,1.4,4.8,-31.563617706298828,0.02111053466796875,-31.584728240966797,-0.2778833595272133,3444,8.144679183447758,1506.0,1025.0,191.0,58.0
150,179,1_7-3_6-3-100-4_png.rf.0e2c14656bafa6a7247814c899e457d2.jpg,1_7-3_6-3-100-4_png,3,1.7,3.6,-10.180057525634766,-0.048030853271484375,-10.132026672363281,-0.13138210182079502,43754,10.686361170969931,476.0,206.0,194.0,450.0
151,180,1_4-4_8-3-100_png.rf.8ede069b98de1e579d03a3776c05837e.jpg,1_4-4_8-3-100_png,3,1.4,4.8,-9.875597953796387,0.009319305419921875,-9.884917259216309,-0.10002003085744035,112923,11.634470305048572,452.0,265.0,407.2,430.13
152,181,1-4-3-6_png.rf.9628f4ac1d091f5d7112e21dff044ae7.jpg,1-4-3-6_png,9,1.4,3.6,-75.43162536621094,0.008575439453125,-75.44020080566406,-0.525604409845332,2481,7.8168199657645525,1454.0,769.0,97.0,60.0
153,182,1-7-4-2-3-100-2_png.rf.7faff86439664bfe0284b363c1906247.jpg,1-7-4-2-3-100-2_png,7,1.7,4.2,-31.987506866455078,-0.028533935546875,-31.958972930908203,-0.4453077253688364,12033,9.395491255780296,484.0,422.0,214.0,125.0
154,183,1-7-4-8_png.rf.da472f55ef57fb190194a56f02d1524c.jpg,1-7-4-8_png,7,1.7,4.8,-56.18366241455078,0.0657501220703125,-56.249412536621094,-0.580316389394412,2621,7.871692664323645,685.0,1049.0,108.085,44.116
155,184,1_4-3_6-3-100-4_png.rf.b7370ae78231b3c6c5119344e98b3a2b.jpg,1_4-3_6-3-100-4_png,3,1.4,3.6,-11.949708938598633,-0.042018890380859375,-11.907690048217773,-0.1159663477495311,43469,10.679826323982837,475.0,206.0,196.0,450.0
156,185,1-7-3-9_png.rf.291a0a46bb3f8e90bea6eef07a57cc08.jpg,1-7-3-9_png,8,1.7,3.9,-52.54295349121094,-0.0344696044921875,-52.50848388671875,-0.4392468233164871,2625,7.873217054862741,1308.0,899.0,60.0,64.0
157,186,2-0-4-5_png.rf.4c9934d349af1eda4c6c7785f44129ac.jpg,2-0-4-5_png,1,2.0,4.5,-5.204732894897461,-0.09457015991210938,-5.110162734985352,-0.05566307612553309,3006,8.008698182988528,1322.0,1057.0,170.0,61.0
158,187,0_8-4_5-3-100-4_png.rf.40100ca1f9ab9cefc0b91269e55b64e3.jpg,0_8-4_5-3-100-4_png,3,0.8,4.5,-14.28120231628418,0.0497283935546875,-14.330930709838867,-0.0878749876728814,43372,10.677592406675998,475.0,204.0,195.0,453.0
159,188,1-7-3-9_png.rf.1d6e3af27f8a0e6634e7cbc83bf45b21.jpg,1-7-3-9_png,1,1.7,3.9,-4.751728057861328,-0.11316680908203125,-4.638561248779297,-0.038840674055088634,2914,7.977625098784593,1322.0,1058.0,169.0,60.0
160,189,0_8-4_8-6-100-6_png.rf.773543bcf61f7c9568501a88a24294a9.jpg,0_8-4_8-6-100-6_png,6,0.8,4.8,-22.837039947509766,0.0557708740234375,-22.892810821533203,-0.15076357874156748,158138,11.971229672094111,587.0,6.0,334.4,1016.961
161,190,1-1-4-2_png.rf.fe1a571940f9ce408db6067bb3ad73db.jpg,1-1-4-2_png,4,1.1,4.2,-25.126792907714844,0.0760498046875,-25.202842712402344,-0.18431787610335054,3728,8.22389538017882,1506.0,1027.0,191.0,58.0
162,191,0-8-3-9-7-10-2_png.rf.028097a6c59a7a9fd476df2cfdcff7cd.jpg,0-8-3-9-7-10-2_png,7,0.8,3.9,-64.88835906982422,0.05120849609375,-64.93956756591797,-0.4455947533920238,494,6.20455776256869,676.0,495.0,41.0,23.0
163,192,2-0-3-6_png.rf.ec23d8a6649d12cd3acc2dd962eafe0d.jpg,2-0-3-6_png,4,2.0,3.6,-15.937793731689453,-0.015735626220703125,-15.92205810546875,-0.16658040724451434,8051,8.993675786759683,1307.0,1068.0,170.048,98.326
164,193,1-7-3-6_png.rf.72f174885e3aac98ef00a88f99d20e2a.jpg,1-7-3-6_png,2,1.7,3.6,-21.197032928466797,-0.02062225341796875,-21.176410675048828,-0.15844476827655038,943,6.8501261661455,1444.0,789.0,34.0,63.0
165,194,1_4-4_2-2-100-3_png.rf.80460ad71a5366d86cbb1d711f102855.jpg,1_4-4_2-2-100-3_png,2,1.4,4.2,-3.5822696685791016,-0.00244903564453125,-3.5798206329345703,-0.03806531296614294,560641,13.236837834635343,246.0,25.0,1091.0,908.0
166,195,0-8-3-3_png.rf.f049181e8c5e4a13a5cca94c3913011c.jpg,0-8-3-3_png,8,0.8,3.3,-64.68740844726562,0.03842926025390625,-64.72583770751953,-0.4228105366117385,237,5.472270673671475,1546.0,978.0,41.438,29.053
166,196,0-8-3-3_png.rf.f049181e8c5e4a13a5cca94c3913011c.jpg,0-8-3-3_png,7,0.8,3.3,-43.51211166381836,0.08795166015625,-43.60006332397461,-0.29330418296420196,1713,7.446585099157725,940.0,891.0,61.437,80.229
166,197,0-8-3-3_png.rf.f049181e8c5e4a13a5cca94c3913011c.jpg,0-8-3-3_png,6,0.8,3.3,-40.83651351928711,0.04412841796875,-40.88064193725586,-0.2673793329133753,811,6.699500340161678,1559.0,980.0,62.26,21.085
167,198,1-4-4-2_png.rf.0ede17c247c1e253b9d78ade7ad9f955.jpg,1-4-4-2_png,7,1.4,4.2,-60.731117248535156,0.071258544921875,-60.80237579345703,-0.5359534867455652,2345,7.76046702921342,683.0,1049.0,108.272,41.574
168,199,1_1-3_6-3-100_png.rf.0307dcceae267e17398fb4f7e30321ca.jpg,1_1-3_6-3-100_png,3,1.1,3.6,-8.596837043762207,-0.046295166015625,-8.550541877746582,-0.06259652099380836,110517,11.612933682601446,496.0,183.0,403.2,423.733
169,200,2-3-3-9_png.rf.b26a6f463a2b10e1ea9bfdd882f8b75d.jpg,2-3-3-9_png,10,2.3,3.9,-49.30904006958008,0.1326446533203125,-49.44168472290039,-0.5821683086700438,543,6.298949246855942,1493.0,847.0,23.0,56.0
170,203,0_8-4_2-3-100-4_png.rf.47074b16c199d48f76a79808da59ff8b.jpg,0_8-4_2-3-100-4_png,3,0.8,4.2,-16.313522338867188,-0.0313720703125,-16.282150268554688,-0.10015774558413736,43687,10.68482874383199,473.0,202.0,194.0,453.0
171,204,0_5-4_8-3-100_png.rf.5c72beebaec6c51bdf587092284970ab.jpg,0_5-4_8-3-100_png,3,0.5,4.8,-6.401439666748047,0.07884979248046875,-6.480289459228516,-0.03949442585569718,110750,11.61503971721199,456.0,273.0,411.6,418.937
172,205,1-4-3-6-3-10_png.rf.ad84b927b1babbe89c96f28f7ea04ec2.jpg,1-4-3-6-3-10_png,3,1.4,3.6,-1.5343294143676758,0.18698501586914062,-1.7213144302368164,-0.01853074545109284,1063,6.96979066990159,628.0,552.0,39.765,40.68
173,206,1-4-4-2_png.rf.f568c8e82dd905b6dc27db9fc9a59014.jpg,1-4-4-2_png,1,1.4,4.2,-6.011932373046875,-0.032512664794921875,-5.979419708251953,-0.04674502649921348,4695,8.454466361507933,1324.0,986.0,123.0,52.0
174,207,1_7-3_9-2-100-3_png.rf.e4801736469c94c09491c9642b5e0275.jpg,1_7-3_9-2-100-3_png,2,1.7,3.9,-2.1904830932617188,0.0828704833984375,-2.2733535766601562,-0.031960717791215607,563406,13.241757558912365,222.0,26.0,1117.0,907.0
175,208,1-7-4-5-3-100-2_png.rf.877c9b81aff76315328dd976407ce7f4.jpg,1-7-4-5-3-100-2_png,7,1.7,4.5,-29.018291473388672,-0.00502777099609375,-29.013263702392578,-0.39721754329743414,49202,10.803709876231219,423.0,354.0,437.0,248.0
176,209,2-0-4-2_png.rf.83a5b72c58566eb0fb1aa7d8bde50b3b.jpg,2-0-4-2_png,1,2.0,4.2,-3.916156768798828,0.001007080078125,-3.917163848876953,-0.04059322517655106,4758,8.46779284112111,1324.0,986.0,123.0,52.0
177,210,0_5-3_3-3-100_png.rf.1472399d2d37ca0062205a7488b0b74d.jpg,0_5-3_3-3-100_png,3,0.5,3.3,-10.06662368774414,0.02265167236328125,-10.089275360107422,-0.05860989984181257,111940,11.625727225762605,488.0,185.0,416.0,420.535
178,211,1-7-4-5_png.rf.59608e5c5593ff8e5c2b65929af07e2d.jpg,1-7-4-5_png,4,1.7,4.5,-33.07325744628906,-0.053150177001953125,-33.02010726928711,-0.3048039453131905,3711,8.21932609390609,1507.0,1025.0,190.0,56.0
179,212,1_1-4_2-6-100-6_png.rf.ced40ba0e1a8678f06a69a763c421a9c.jpg,1_1-4_2-6-100-6_png,6,1.1,4.2,-22.663902282714844,-0.049468994140625,-22.61443328857422,-0.17297370951854082,151670,11.929468980285394,590.0,2.0,326.4,1017.281
180,213,1-7-4-8_png.rf.b59b6847350bdceaa60b1c11eec516ac.jpg,1-7-4-8_png,1,1.7,4.8,-1.3703018426895142,-0.10318756103515625,-1.267114281654358,-0.012510922976520776,4774,8.471149252914831,1324.0,985.0,123.0,53.0
181,214,1-7-3-3_png.rf.7669e870b8e331ed744eb24de5cc4831.jpg,1-7-3-3_png,8,1.7,3.3,-61.16934585571289,0.000148773193359375,-61.16949462890625,-0.545113917585597,350,5.860786223465865,1543.0,975.0,46.64,34.338
181,215,1-7-3-3_png.rf.7669e870b8e331ed744eb24de5cc4831.jpg,1-7-3-3_png,7,1.7,3.3,-44.60818099975586,-0.012081146240234375,-44.596099853515625,-0.41217490183231076,2011,7.60688453121963,944.0,890.0,60.0,88.0
181,216,1-7-3-3_png.rf.7669e870b8e331ed744eb24de5cc4831.jpg,1-7-3-3_png,6,1.7,3.3,-46.61402893066406,0.0408477783203125,-46.654876708984375,-0.41623184594117746,751,6.62273632394984,1558.0,975.0,64.706,25.186
183,218,2-3-3-9_png.rf.6ad0195ee94d29f2341764fb60ffdbad.jpg,2-3-3-9_png,2,2.3,3.9,-10.91293716430664,-0.00665283203125,-10.90628433227539,-0.10383990342910084,892,6.794586580876499,1444.0,789.0,31.0,63.0
184,219,1_4-3_9-3-100_png.rf.eb6e1942f259449124c4d6eefed6fdee.jpg,1_4-3_9-3-100_png,3,1.4,3.9,-16.554229736328125,-0.08135223388671875,-16.472877502441406,-0.15757528828699502,111347,11.62041571114118,660.0,318.0,402.4,420.536
185,220,1_1-3_6-6-100-6_png.rf.4a8c239488e9fb3ec92f601d4f65360d.jpg,1_1-3_6-6-100-6_png,6,1.1,3.6,-23.29446792602539,0.0148773193359375,-23.309345245361328,-0.17399561070347772,151234,11.926590197421348,595.0,16.0,324.8,1006.6
186,221,2-0-3-3_png.rf.541dec8405fa89d25540266ab464c979.jpg,2-0-3-3_png,4,2.0,3.3,-19.21129608154297,0.007171630859375,-19.218467712402344,-0.19148603476299775,3732,8.224967478914584,1505.0,1027.0,191.0,58.0
188,222,1-4-4-5_png.rf.3384aaea34011903dcc46bc9e0b28463.jpg,1-4-4-5_png,4,1.4,4.5,-29.436416625976562,0.00096893310546875,-29.43738555908203,-0.24596661220669597,3503,8.161660452056282,1507.0,1026.0,189.0,57.0
189,223,1-1-4-8-3-10-4_png.rf.b5a344e40f4851da8468d465ee9d800d.jpg,1-1-4-8-3-10-4_png,3,1.1,4.8,-15.93359661102295,0.02111053466796875,-15.954707145690918,-0.1485585215893116,651,6.480044561926653,682.0,495.0,23.0,54.0
190,224,1-1-4-2-6-10-6_png.rf.b5e8c426c587b636bf5b9a5a6345c102.jpg,1-1-4-2-6-10-6_png,6,1.1,4.2,-36.08094024658203,-0.05652618408203125,-36.0244140625,-0.29044137592852143,1748,7.466799475018602,683.0,473.0,38.769,122.692
191,225,1-4-3-6_png.rf.3504810b84707c55679a3b80b22f71a2.jpg,1-4-3-6_png,2,1.4,3.6,-14.815942764282227,0.0759429931640625,-14.891885757446289,-0.11082390217064836,880,6.78105762593618,1444.0,789.0,34.0,62.0
192,226,1-4-4-5_png.rf.5eabbf8766b64aae472dec2241b4ddd2.jpg,1-4-4-5_png,1,1.4,4.5,-6.3759565353393555,-0.05126953125,-6.3246870040893555,-0.05276761576179336,2995,8.005033344637111,1322.0,1059.0,170.0,58.0
193,227,0_5-4_2-3-100_png.rf.de5b9a4e0a5e1b0d7e01f91b690ce7a9.jpg,0_5-4_2-3-100_png,3,0.5,4.2,-15.23651123046875,-0.0660858154296875,-15.170425415039062,-0.08710580315475754,111200,11.61909465356394,664.0,318.0,410.0,425.333
194,228,1-7-4-5-12-100-5_png.rf.a73078fbabbad9fc57714a209a6bd8d5.jpg,1-7-4-5-12-100-5_png,9,1.7,4.5,-38.225067138671875,0.0128173828125,-38.237884521484375,-0.5311432456511918,63193,11.053964638919313,586.0,242.0,266.0,500.0
195,229,0_5-3_9-3-100_png.rf.46fdf8b6dad3c2523744d7f49c4e388f.jpg,0_5-3_9-3-100_png,3,0.5,3.9,-18.3626766204834,0.0270843505859375,-18.389760971069336,-0.10733255974134556,111521,11.621977159836408,658.0,315.0,409.2,433.328
196,230,1_1-3_3-3-100_png.rf.557ba7a97baa1e424bb2ca294f1fae62.jpg,1_1-3_3-3-100_png,3,1.1,3.3,-9.80471134185791,-0.0537261962890625,-9.750985145568848,-0.07077073547832942,112100,11.627155529627064,492.0,188.0,408.8,420.535
197,231,1-7-4-5_png.rf.fd088675e89e615a1880cf622f70e04c.jpg,1-7-4-5_png,1,1.7,4.5,-1.4622175693511963,-0.0617218017578125,-1.4004957675933838,-0.012981032579767439,1375,7.226936018493289,1279.0,949.0,28.443,79.672
198,232,1-4-3-3_png.rf.327d13f7695ed883fe039ef18b405559.jpg,1-4-3-3_png,7,1.4,3.3,-60.900115966796875,0.06551361083984375,-60.96562957763672,-0.4926895514365362,2327,7.752764808851328,686.0,1051.0,106.256,37.45
199,233,1-4-4-5-3-10_png.rf.0a3e6aec327c6788288b769f0b558dfb.jpg,1-4-4-5-3-10_png,3,1.4,4.5,-17.226009368896484,0.09183502197265625,-17.31784439086914,-0.19885496637953584,1102,7.005789019253503,692.0,495.0,40.2,41.574
200,234,1_1-3_9-2-100-3_png.rf.1e704a7fd1653a60e8422fc0ca052a08.jpg,1_1-3_9-2-100-3_png,2,1.1,3.9,-9.856534004211426,0.0998992919921875,-9.956433296203613,-0.07247462101884015,560491,13.23657024842193,244.0,22.0,1094.0,914.0
201,235,0_8-3_9-2-100-3_png.rf.7e6a349f5a7c7616b46115d0d6d1530a.jpg,0_8-3_9-2-100-3_png,2,0.8,3.9,4.122335433959961,-0.027435302734375,4.149770736694336,0.028024227162871257,567374,13.248775739758766,219.0,25.0,1120.0,911.0
202,236,1_7-3_9-6-100-6_png.rf.fd2ef04c2db46a5604a746606e2a2648.jpg,1_7-3_9-6-100-6_png,6,1.7,3.9,-20.668455123901367,0.02378082275390625,-20.692235946655273,-0.2727941342134072,159337,11.978783011079507,590.0,16.0,331.2,1007.488
203,237,1-7-3-6_png.rf.1390287fbc751deef5b1990673c71067.jpg,1-7-3-6_png,4,1.7,3.6,-31.205245971679688,0.047771453857421875,-31.25301742553711,-0.25504547166155545,3838,8.252967195000798,1506.0,1025.0,191.0,57.0
204,238,1-4-4-5_png.rf.9ce8496288e61b756cb9f5437b9a268c.jpg,1-4-4-5_png,8,1.4,4.5,-65.15553283691406,0.050079345703125,-65.20561218261719,-0.5510044484559345,310,5.739792912179234,1547.0,975.0,44.005,32.274
204,239,1-4-4-5_png.rf.9ce8496288e61b756cb9f5437b9a268c.jpg,1-4-4-5_png,7,1.4,4.5,-57.11095428466797,0.0855255126953125,-57.19647979736328,-0.5009411953846246,1903,7.55171221535131,943.0,890.0,62.0,89.0
204,240,1-4-4-5_png.rf.9ce8496288e61b756cb9f5437b9a268c.jpg,1-4-4-5_png,6,1.4,4.5,-48.890140533447266,0.15552139282226562,-49.04566192626953,-0.4151318196653199,637,6.45833828334479,1564.0,979.0,58.831,20.878
205,241,1-1-3-6-12-100-5_png.rf.838309c0345af52b54bfadb53454d70c.jpg,1-1-3-6-12-100-5_png,9,1.1,3.6,-56.37727737426758,-0.01232147216796875,-56.36495590209961,-0.42079499898843353,63022,11.051255018113492,585.0,240.0,265.0,501.0
206,242,1_1-4_5-3-100_png.rf.c78685fc2caab909fec87d58bf0bb22a.jpg,1_1-4_5-3-100_png,3,1.1,4.5,-9.058257102966309,-0.0106658935546875,-9.047591209411621,-0.06848387038093633,112644,11.631996559611244,456.0,267.0,401.6,426.932
207,243,1-4-3-3_png.rf.51125958871dc61342fb31984388139c.jpg,1-4-3-3_png,9,1.4,3.3,-76.78372955322266,-0.0615692138671875,-76.72216033935547,-0.49941904035876666,2547,7.843064016692054,1454.0,770.0,97.0,59.0
209,245,1_4-3_6-2-100-3_png.rf.c669b415c103a94425425c1c291c4c04.jpg,1_4-3_6-2-100-3_png,2,1.4,3.6,-2.126058578491211,0.09059524536132812,-2.216653823852539,-0.022686544962759916,559638,13.235047211982643,265.0,24.0,1073.0,909.0
210,246,1-1-3-6-2-10-3_png.rf.cd210df0072d18ae58611c1c1506502f.jpg,1-1-3-6-2-10-3_png,2,1.1,3.6,-12.180259704589844,0.0413055419921875,-12.221565246582031,-0.08882463291958488,5690,8.646641258603124,652.0,465.0,112.0,89.0
211,247,1-4-4-2-3-10_png.rf.e3750ae200a5faa3365b5be9523e0d23.jpg,1-4-4-2-3-10_png,3,1.4,4.2,-17.285587310791016,0.04460906982421875,-17.330196380615234,-0.19510605369818812,1056,6.963189985870238,693.0,495.0,39.391,41.713
212,248,2-0-3-9_png.rf.e2d88fccb2b95edffa58ffa548a1e821.jpg,2-0-3-9_png,7,2.0,3.9,-57.57646179199219,0.035125732421875,-57.61158752441406,-0.6335332054174367,2414,7.789454566086673,684.0,1053.0,106.434,35.923
213,249,2-0-3-3_png.rf.71c2ead8681bad4327785bbf83a00147.jpg,2-0-3-3_png,7,2.0,3.3,-59.290061950683594,0.11849212646484375,-59.40855407714844,-0.6188216954167542,2215,7.703459047867175,688.0,1048.0,100.438,39.914
214,250,1_1-3_6-2-100-3_png.rf.cf9fc76becdf6194d3bf18002b74a26e.jpg,1_1-3_6-2-100-3_png,2,1.1,3.6,-1.1091861724853516,0.03885650634765625,-1.1480426788330078,-0.008819244930038576,560575,13.23672010552276,267.0,21.0,1071.0,913.0
215,251,1-4-3-9-3-10-2_png.rf.4cb2b0958876f0fac91698302f6f90b6.jpg,1-4-3-9-3-10-2_png,7,1.4,3.9,-48.253807067871094,0.04064178466796875,-48.29444885253906,-0.5558369354150682,492,6.20050917404269,677.0,496.0,40.0,23.0
217,253,1-7-4-5-6-10-6_png.rf.7e9bfa8e94c984f25826c280722efafb.jpg,1-7-4-5-6-10-6_png,6,1.7,4.5,-24.53521156311035,0.05680084228515625,-24.592012405395508,-0.3910788930486805,1675,7.424165281042028,685.0,470.0,36.533,123.389
218,254,1_4-4_2-6-100-6_png.rf.070e4076bc835f0703809a8017615cb6.jpg,1_4-4_2-6-100-6_png,6,1.4,4.2,-25.14175796508789,-0.004688262939453125,-25.137069702148438,-0.2565613509401169,151895,11.93095135512325,590.0,3.0,326.4,1020.159
219,255,1-7-4-8_png.rf.0b274182b440cd293e10d8df5a2a7e91.jpg,1-7-4-8_png,1,1.7,4.8,-1.6440174579620361,-0.12710952758789062,-1.5169079303741455,-0.014901028589411272,1427,7.2640301428995295,1277.0,948.0,29.24,80.544
220,256,1-4-4-2_png.rf.937cfe02b855a29ddb97c2c2a1258188.jpg,1-4-4-2_png,4,1.4,4.2,-29.56997299194336,-0.02179718017578125,-29.548175811767578,-0.22904882608394805,3503,8.161660452056282,1506.0,1026.0,190.0,58.0
221,257,1-7-3-9-12-100-5_png.rf.1da0be9df224b2e2dd001e501ef02396.jpg,1-7-3-9-12-100-5_png,9,1.7,3.9,-42.66521072387695,-0.00162506103515625,-42.6635856628418,-0.5606289127842307,63178,11.05372724643721,587.0,241.0,266.0,502.0
222,258,2-0-3-3_png.rf.8c8fa38a667aad6e8e1a28522f7b8c05.jpg,2-0-3-3_png,1,2.0,3.3,-5.463438987731934,-0.08107376098632812,-5.3823652267456055,-0.05431300886396715,2979,7.9996785794994505,1322.0,1057.0,169.0,61.0
223,259,0-8-3-9-12-100-5_png.rf.6bcb70d6bebbff03af41669e452b31a9.jpg,0-8-3-9-12-100-5_png,9,0.8,3.9,-58.20125198364258,-0.1088104248046875,-58.09244155883789,-0.377078942955704,63301,11.055672203209758,585.0,242.0,266.0,502.0
224,260,1-4-3-6_png.rf.41a8e4c5da32bbd39e5a6102bca6c8b4.jpg,1-4-3-6_png,8,1.4,3.6,-65.55290222167969,0.008716583251953125,-65.56161880493164,-0.5228314034719252,357,5.8805329864007,1545.0,975.0,44.72,32.054
224,261,1-4-3-6_png.rf.41a8e4c5da32bbd39e5a6102bca6c8b4.jpg,1-4-3-6_png,7,1.4,3.6,-57.90351104736328,0.0050811767578125,-57.908592224121094,-0.4755192204441699,1895,7.547501682814967,941.0,889.0,60.0,85.0
224,262,1-4-3-6_png.rf.41a8e4c5da32bbd39e5a6102bca6c8b4.jpg,1-4-3-6_png,6,1.4,3.6,-46.227783203125,0.04308319091796875,-46.27086639404297,-0.36940780082726726,695,6.54534966033442,1565.0,979.0,55.731,21.833
225,263,2-0-4-2_png.rf.47a63d2c983423a5edb01407c481b545.jpg,2-0-4-2_png,8,2.0,4.2,-61.36699676513672,-0.018768310546875,-61.348228454589844,-0.6462713136594767,316,5.75890177387728,1544.0,978.0,44.433,29.133
225,264,2-0-4-2_png.rf.47a63d2c983423a5edb01407c481b545.jpg,2-0-4-2_png,7,2.0,4.2,-35.36517333984375,0.038486480712890625,-35.40365982055664,-0.3876090895627597,1690,7.43307534889858,939.0,889.0,59.318,86.855
225,265,2-0-4-2_png.rf.47a63d2c983423a5edb01407c481b545.jpg,2-0-4-2_png,6,2.0,4.2,-45.43082809448242,-0.033599853515625,-45.3972282409668,-0.4786779240571012,819,6.709304340258299,1562.0,978.0,64.108,23.898
226,266,2-0-4-8_png.rf.17d8e9c7bb8b162b927808e361e00624.jpg,2-0-4-8_png,7,2.0,4.8,-55.49528503417969,-0.07810211181640625,-55.41718292236328,-0.6518755810989816,2640,7.878912912297132,687.0,1047.0,107.039,43.851
227,267,1_7-4_5-3-100_png.rf.7fddc16b2806b015b13f70bb6b121527.jpg,1_7-4_5-3-100_png,3,1.7,4.5,-6.129692554473877,0.14001083374023438,-6.269703388214111,-0.08544179089502643,113714,11.641450597158514,456.0,263.0,406.4,431.729
228,268,1-1-4-2_png.rf.239bb9a0bc969b82e5f97841eaa6f157.jpg,1-1-4-2_png,8,1.1,4.2,-70.2222900390625,-0.05233001708984375,-70.16996002197266,-0.5742702454972196,368,5.910796644040527,1546.0,980.0,44.013,28.875
228,269,1-1-4-2_png.rf.239bb9a0bc969b82e5f97841eaa6f157.jpg,1-1-4-2_png,7,1.1,4.2,-61.437034606933594,0.030300140380859375,-61.46733474731445,-0.5213470134959544,1712,7.44600149832412,939.0,890.0,60.857,84.713
228,270,1-1-4-2_png.rf.239bb9a0bc969b82e5f97841eaa6f157.jpg,1-1-4-2_png,6,1.1,4.2,-52.07672119140625,0.029666900634765625,-52.106388092041016,-0.42715071909381375,780,6.660575149839686,1560.0,978.0,60.959,23.41
229,271,1-7-3-9_png.rf.8e4f9b8e7d8266fa328fe3864654c700.jpg,1-7-3-9_png,9,1.7,3.9,-60.84854507446289,-0.10601425170898438,-60.742530822753906,-0.5108762393006856,2555,7.846198815497425,1454.0,768.0,96.0,61.0
231,273,0-8-3-6-7-100-2_png.rf.58d3e525f1816d084935f7901efcc3dd.jpg,0-8-3-6-7-100-2_png,7,0.8,3.6,-44.564537048339844,0.0765838623046875,-44.64112091064453,-0.272422040667568,49179,10.803242315770184,422.0,357.0,434.0,246.0
232,274,0_8-4_5-3-100_png.rf.e6fc241ab1d0cec7cbe7df6504a1cf24.jpg,0_8-4_5-3-100_png,3,0.8,4.5,-7.895134925842285,0.001373291015625,-7.89650821685791,-0.05037602132026588,108906,11.598249586010423,462.0,265.0,397.2,420.536
233,275,1-7-3-9-3-10-4_png.rf.067196c777d1f5628e7bf2a85bb20b01.jpg,1-7-3-9-3-10-4_png,3,1.7,3.9,-12.057635307312012,0.0512542724609375,-12.10888957977295,-0.19070285988857757,583,6.369900982828227,682.0,498.0,23.0,52.0
234,276,1_4-3_3-3-100_png.rf.8b6bdd436c829adf18ede29927d2235d.jpg,1_4-3_3-3-100_png,3,1.4,3.3,-10.036638259887695,0.006500244140625,-10.04313850402832,-0.09483117142272593,111306,11.62004742836771,493.0,182.0,403.2,428.53
236,278,2-0-3-6_png.rf.f1151441a4078957ec81bd359f4d54eb.jpg,2-0-3-6_png,1,2.0,3.6,-3.5915632247924805,-0.04982757568359375,-3.5417356491088867,-0.03616613048534758,1352,7.210079628170788,1279.0,952.0,28.627,77.921
237,279,2-0-4-8_png.rf.53b04d9d63e6fd61efd21f41f820fd82.jpg,2-0-4-8_png,4,2.0,4.8,-22.130107879638672,-0.0332794189453125,-22.09682846069336,-0.24378028025331883,3628,8.19671240721307,1507.0,1025.0,190.0,56.0
238,280,1-4-3-3_png.rf.41f5dfd5ac303d5aac02cbd96f78b219.jpg,1-4-3-3_png,1,1.4,3.3,-3.9396731853485107,-0.0381317138671875,-3.9015414714813232,-0.025009937492132168,1546,7.344072850573066,1276.0,946.0,32.431,82.825
240,282,1-5-4-2-1_png.rf.d8aa1b386da2f14a2b9d925d73e1eeae.jpg,1-5-4-2-1_png,1,1.5,4.2,-3.673879623413086,-0.043544769287109375,-3.6303348541259766,-0.029622689797463794,4716,8.458928283284262,1325.0,985.0,121.0,53.0
241,283,1_4-3_9-6-100-6_png.rf.3596a74996dde4c8373c7ebd44778e18.jpg,1_4-3_9-6-100-6_png,6,1.4,3.9,-21.51791000366211,0.06478118896484375,-21.582691192626953,-0.2170334518050558,157015,11.964102989965914,592.0,4.0,329.6,1018.6
242,284,1-7-3-9_png.rf.c569adb4d51e8d33006187897ea2b5b7.jpg,1-7-3-9_png,8,1.7,3.9,-59.73209762573242,0.015789031982421875,-59.747886657714844,-0.555728349708684,265,5.583496308781699,1548.0,978.0,41.16,29.747
242,285,1-7-3-9_png.rf.c569adb4d51e8d33006187897ea2b5b7.jpg,1-7-3-9_png,7,1.7,3.9,-39.006080627441406,0.01082611083984375,-39.01690673828125,-0.3744182322812748,1988,7.5953872788539725,942.0,890.0,63.0,88.0
242,286,1-7-3-9_png.rf.c569adb4d51e8d33006187897ea2b5b7.jpg,1-7-3-9_png,6,1.7,3.9,-43.826751708984375,0.021270751953125,-43.8480224609375,-0.4075953141114373,800,6.68586094706836,1560.0,978.0,62.484,22.644
243,287,0_8-4_2-6-100-6_png.rf.c02dd1f381bd1d59ad06a2ab3e0daf8f.jpg,0_8-4_2-6-100-6_png,6,0.8,4.2,-26.564756393432617,-0.02435302734375,-26.540403366088867,-0.16803916375354655,156797,11.962713631715056,590.0,0.0,332.8,1018.082
244,288,1-4-4-5_png.rf.0c46c8d98d95b2ae47d6c0e48b06e8fa.jpg,1-4-4-5_png,1,1.4,4.5,-6.601571083068848,-0.04498291015625,-6.556588172912598,-0.05500475267466359,4772,8.470730317005897,1325.0,985.0,122.0,52.0
245,289,2-0-3-3_png.rf.61fa30be9cc8bd88306eaf38921a9d89.jpg,2-0-3-3_png,1,2.0,3.3,-2.904771327972412,-0.042995452880859375,-2.8617758750915527,-0.028370106886321092,1259,7.138866999945524,1279.0,953.0,28.899,75.069
246,290,1-4-3-6-6-10-6_png.rf.57e97c4c658deb106fa91bb3c6185d00.jpg,1-4-3-6-6-10-6_png,6,1.4,3.6,-32.126060485839844,0.0683135986328125,-32.194374084472656,-0.3468637206928099,1735,7.459338895220295,683.0,470.0,38.769,130.021
247,291,1_7-3_6-6-100-6_png.rf.c18deeaaf168722f8b57babfd2a7c746.jpg,1_7-3_6-6-100-6_png,6,1.7,3.6,-19.021587371826172,0.00862884521484375,-19.030216217041016,-0.24901982571706568,155962,11.957374078612991,594.0,17.0,326.4,1004.6
248,292,0_8-3_6-2-100-3_png.rf.ea7f79bb1aa24ea455920db7357eb075.jpg,0_8-3_6-2-100-3_png,2,0.8,3.6,0.0308380126953125,0.04447174072265625,-0.01363372802734375,-8.74251003676355e-05,573482,13.259483572566442,263.0,21.0,1074.0,916.0
249,293,1_4-4_8-3-100-4_png.rf.e9625cf4f07fc1753efaff1c70aef118.jpg,1_4-4_8-3-100-4_png,3,1.4,4.8,-13.077290534973145,-0.06693267822265625,-13.010357856750488,-0.1328100059820411,43799,10.687389096364537,475.0,207.0,195.0,451.0
250,294,1-7-4-8-12-100-5_png.rf.d0b567851597b8f7811b504bf24cc867.jpg,1-7-4-8-12-100-5_png,9,1.7,4.8,-41.671875,-0.005474090576171875,-41.66640090942383,-0.5715133885469577,62693,11.046021028262166,586.0,242.0,265.0,500.0
252,296,0-8-3-9-3-10-4_png.rf.2c644fbaaef3c4d28769ee5b38c6da08.jpg,0-8-3-9-3-10-4_png,3,0.8,3.9,-19.061649322509766,0.069610595703125,-19.13125991821289,-0.13315662292069266,521,6.257667587882639,682.0,498.0,21.0,51.0
253,297,1_4-4_8-2-100-3_png.rf.7feaad026ca76dccdc970eea7416544f.jpg,1_4-4_8-2-100-3_png,2,1.4,4.8,-4.1588945388793945,0.11836624145507812,-4.277260780334473,-0.04571177013669686,560067,13.235813483910908,226.0,26.0,1112.0,904.0
254,298,2-0-3-3_png.rf.dcde3cccad56f3465b4045dcd37d49dc.jpg,2-0-3-3_png,9,2.0,3.3,-60.4707145690918,-0.005218505859375,-60.46549606323242,-0.5219349662811271,2241,7.715123603632105,1454.0,769.0,94.0,59.0
255,299,1-7-4-2_png.rf.5ff41208008705b9770f63ea4dbea60f.jpg,1-7-4-2_png,1,1.7,4.2,-4.685276508331299,0.055248260498046875,-4.740524768829346,-0.041208536629202396,2929,7.982757702011113,1323.0,1058.0,168.0,60.0
256,300,1_1-3_9-3-100_png.rf.27d9e98e2ba69be9bac34ef5db60cbd6.jpg,1_1-3_9-3-100_png,3,1.1,3.9,-16.419187545776367,-0.09101104736328125,-16.328176498413086,-0.11785344744035649,111472,11.6215376880923,660.0,316.0,400.8,425.333
257,301,0_5-4_5-3-100_png.rf.e0f9cd5825b622533bc626f2ace1f527.jpg,0_5-4_5-3-100_png,3,0.5,4.5,-7.066681861877441,0.0360870361328125,-7.102768898010254,-0.041723126288254135,111406,11.620945441125958,494.0,175.0,408.0,433.327
258,302,1-1-3-6_png.rf.5a366ea437fd2f28d4b970b0c0cfe62a.jpg,1-1-3-6_png,7,1.1,3.6,-64.72460174560547,0.07491683959960938,-64.79951858520508,-0.5378399628006906,3133,8.050065422915965,687.0,1051.0,108.028,46.477
259,303,1-7-4-8_png.rf.cfafa6b7cbe1770109c61d11fd0a600e.jpg,1-7-4-8_png,4,1.7,4.8,-18.754085540771484,-0.03670501708984375,-18.71738052368164,-0.18523877011081144,7878,8.971956271245688,1308.0,1070.0,165.59,96.585
259,304,1-7-4-8_png.rf.cfafa6b7cbe1770109c61d11fd0a600e.jpg,1-7-4-8_png,3,1.7,4.8,-14.413010597229004,-0.00201416015625,-14.410996437072754,-0.14201963027401257,6531,8.784468454090355,1406.0,1062.0,155.314,79.724
259,305,1-7-4-8_png.rf.cfafa6b7cbe1770109c61d11fd0a600e.jpg,1-7-4-8_png,4,1.7,4.8,-18.4913330078125,-0.0171356201171875,-18.474197387695312,-0.18174679577873373,1868,7.533158807455563,1501.0,1059.0,106.315,41.792
260,306,1_4-4_2-3-100_png.rf.d47f43f94a1961313ac739a2f2d0061c.jpg,1_4-4_2-3-100_png,3,1.4,4.2,-12.795045852661133,0.0615997314453125,-12.856645584106445,-0.1299377155015041,109217,11.601101163873954,656.0,323.0,408.0,417.338
261,307,1-4-4-8_png.rf.e971286630d7d73cbd52862f22033187.jpg,1-4-4-8_png,1,1.4,4.8,-7.669075012207031,0.04834747314453125,-7.7174224853515625,-0.06907722912858542,4332,8.374015421739909,1327.0,987.0,118.0,48.0
262,308,1-7-3-9_png.rf.cf29a0b49f634348a222e3a00c6ac0e5.jpg,1-7-3-9_png,7,1.7,3.9,-55.81632614135742,0.07828140258789062,-55.89460754394531,-0.5516054621922449,2481,7.8168199657645525,687.0,1048.0,103.019,40.045
264,309,1_1-3_9-3-100-4_png.rf.30608e78bad08d040e31be0e5f47f785.jpg,1_1-3_9-3-100-4_png,3,1.1,3.9,-15.238277435302734,0.03406524658203125,-15.272342681884766,-0.11119049547284177,43619,10.68327103975562,475.0,205.0,194.0,452.0
265,310,1-7-3-3_png.rf.2dcae6fb792a8c8f409b46857b04f1ff.jpg,1-7-3-3_png,2,1.7,3.3,-21.163803100585938,-0.00213623046875,-21.161666870117188,-0.14517042923876988,956,6.863803391452954,1444.0,788.0,34.0,63.0
266,311,1-1-4-8_png.rf.1f04a8d9e38671b2b8b86c184b6acdb6.jpg,1-1-4-8_png,4,1.1,4.8,-19.31374740600586,0.051914215087890625,-19.36566162109375,-0.16378867555969445,3606,8.19063168090354,1505.0,1027.0,191.0,59.0
267,312,1_1-4_8-2-100-3_png.rf.11ef0d33ebb518bd87170cc675115a0b.jpg,1_1-4_8-2-100-3_png,2,1.1,4.8,-3.2919530868530273,-0.019927978515625,-3.2720251083374023,-0.02425620059775319,564134,13.243048863539881,259.0,27.0,1079.0,907.0
268,313,2-0-4-5_png.rf.96a1bb6ac388a4c5ae49db2ae3c1b132.jpg,2-0-4-5_png,8,2.0,4.5,-59.90960693359375,0.00669097900390625,-59.916297912597656,-0.6452281284943511,350,5.860786223465865,1545.0,977.0,43.59,30.029
268,314,2-0-4-5_png.rf.96a1bb6ac388a4c5ae49db2ae3c1b132.jpg,2-0-4-5_png,7,2.0,4.5,-39.511863708496094,0.0184326171875,-39.530296325683594,-0.4421474069601257,2068,7.634820677745543,941.0,890.0,64.0,87.0
268,315,2-0-4-5_png.rf.96a1bb6ac388a4c5ae49db2ae3c1b132.jpg,2-0-4-5_png,6,2.0,4.5,-45.78355407714844,0.0225677490234375,-45.806121826171875,-0.4939977939224753,657,6.489204931325317,1564.0,981.0,60.143,17.621
269,316,1-1-4-8-12-100-5_png.rf.e56bf7dffbc6ac9b0c2f10b6e52e307a.jpg,1-1-4-8-12-100-5_png,9,1.1,4.8,-58.98076248168945,-0.04987335205078125,-58.93088912963867,-0.44696001160076965,63006,11.051001110312399,586.0,243.0,265.0,501.0
270,317,1_4-3_6-3-100_png.rf.2ad36dd15d76d66bea77d3ea1b0c7429.jpg,1_4-3_6-3-100_png,3,1.4,3.6,-9.144285202026367,-0.05420684814453125,-9.090078353881836,-0.08797522083615888,110941,11.616762821209482,496.0,187.0,404.8,425.332
271,318,1-1-4-5_png.rf.0d7258abc2655d09abd047dc9db91902.jpg,1-1-4-5_png,1,1.1,4.5,-5.543653964996338,-0.01800537109375,-5.525648593902588,-0.04475619476524092,2895,7.971085753505607,1323.0,1059.0,169.0,59.0
