image_id,ann_id,file_name,group_id,layer_gt,predicted_score,predicted_layer,normalized_delta_g,wb1,wb2,delta_g,area_px,base_score,mlp_residual
0,1,1-4-3-6-12-100-5_png.rf.a4a0325020ffec68ecff71002da76fcb.jpg,1-4-3-6-12-100-5_png,9,8.319672584533691,8,-0.49459625683001207,1.4,3.6,-50.05916213989258,62950,8.168822288513184,0.1508505940437317
1,2,2-0-4-2_png.rf.57c3a840ec9cb70e633c9f544f82335b.jpg,2-0-4-2_png,4,5.001211643218994,5,-0.26231794447147694,2.0,4.2,-24.90837287902832,3681,4.216174125671387,0.7850373983383179
2,3,1-7-3-3_png.rf.5162294bd914028db5716491540feee2.jpg,1-7-3-3_png,9,8.506129264831543,9,-0.48328888351158233,1.7,3.3,-67.77731323242188,2246,8.205704689025879,0.3004246950149536
3,4,1_7-4_2-3-100_png.rf.8cc4fccf8aef42906ae3d956c2292e20.jpg,1_7-4_2-3-100_png,3,3.372387409210205,3,-0.16223239424083183,1.7,4.2,-12.376042366027832,111834,3.1190834045410156,0.2533038854598999
4,5,1_7-3_9-3-100-4_png.rf.8c4880254fea02562928dc9abc6654e9.jpg,1_7-3_9-3-100-4_png,3,3.370490074157715,3,-0.16209733758304332,1.7,3.9,-12.390006065368652,43618,3.117313861846924,0.25317615270614624
5,6,0_8-3_6-3-100_png.rf.f16ff1a36a3d54da1be3382a757cb2d6.jpg,0_8-3_6-3-100_png,3,2.4406607151031494,2,-0.05996770782691195,0.8,3.6,-9.775887489318848,112365,2.4216184616088867,0.019042370840907097
6,7,1_4-4_5-3-100-4_png.rf.67ca7e725d9762296194ffbde0c689f3.jpg,1_4-4_5-3-100-4_png,3,2.6554934978485107,3,-0.11480227298947324,1.4,4.5,-11.160192489624023,43809,2.711808681488037,-0.056315090507268906
7,8,1_7-4_2-3-100-4_png.rf.ba829371261b6c68213d7c134e3422e9.jpg,1_7-4_2-3-100-4_png,3,3.256185293197632,3,-0.15390895204604066,1.7,4.2,-11.467933654785156,43808,3.0100414752960205,0.24614377319812775
8,9,1-1-3-9-12-100-5_png.rf.9199599b3b62922a35cf98e4b397c53c.jpg,1-1-3-9-12-100-5_png,9,8.459168434143066,8,-0.44162483990387635,1.1,3.9,-59.7539176940918,62767,7.79581356048584,0.6633550524711609
9,10,1_7-3_6-2-100-3_png.rf.8a038b949b97688962eff3900c27de8c.jpg,1_7-3_6-2-100-3_png,2,1.9098106622695923,2,-0.0710975869757948,1.7,3.6,-5.463712215423584,557554,1.9251656532287598,-0.0153549425303936
10,11,1-1-4-5-7-100-2_png.rf.d4490aeb7d6f5c196a4f0beb577cbf9b.jpg,1-1-4-5-7-100-2_png,7,7.318418025970459,7,-0.3369933844500824,1.1,4.5,-45.703853607177734,49242,7.248675346374512,0.06974250823259354
11,12,1_1-4_8-3-100-4_png.rf.2918febcf14012f69acb5ec7c375e4a7.jpg,1_1-4_8-3-100-4_png,3,2.836184501647949,3,-0.1227341266745239,1.1,4.8,-16.274560928344727,43386,3.0298073291778564,-0.19362293183803558
12,13,2-0-3-3_png.rf.b3288a171b18271000868ed152c4a082.jpg,2-0-3-3_png,2,2.127429246902466,2,-0.09476627619515789,2.0,3.3,-12.763542175292969,927,2.0211520195007324,0.10627726465463638
13,14,1-7-4-2_png.rf.a0c8cd567cf1c01c15786eb9f5331acb.jpg,1-7-4-2_png,4,3.3239338397979736,3,-0.15877181320938202,1.7,4.2,-18.278244018554688,8194,3.0737476348876953,0.2501862645149231
13,15,1-7-4-2_png.rf.a0c8cd567cf1c01c15786eb9f5331acb.jpg,1-7-4-2_png,3,2.8256919384002686,3,-0.12437750843732107,1.7,4.2,-14.384603500366211,6449,2.6231627464294434,0.20252908766269684
13,16,1-7-4-2_png.rf.a0c8cd567cf1c01c15786eb9f5331acb.jpg,1-7-4-2_png,4,3.303215980529785,3,-0.15728646783121897,1.7,4.2,-18.223800659179688,2306,3.054288864135742,0.2489270567893982
14,17,2-0-3-3_png.rf.59723c7c1da78c12c799a07ad00b631e.jpg,2-0-3-3_png,1,0.9856663346290588,1,-0.033319482910614866,2.0,3.3,-3.420225143432617,4733,1.2161643505096436,-0.23049801588058472
15,18,2-1-4-2-1_png.rf.36f8d96e373b6d31efde0dfce503e0f3.jpg,2-1-4-2-1_png,1,0.7571460008621216,1,-0.025133819225034684,2.1,4.2,-2.1969223022460938,4928,1.0375652313232422,-0.2804192304611206
16,19,1_4-4_8-6-100-6_png.rf.584d56d702b39d097e198f5416dccacd.jpg,1_4-4_8-6-100-6_png,6,5.029719352722168,5,-0.2240815375037451,1.4,4.8,-21.597808837890625,156907,4.143428802490234,0.8862905502319336
17,20,1_7-3_6-3-100_png.rf.42845efd88c5a023f289f2f8db585812.jpg,1_7-3_6-3-100_png,3,2.527472734451294,3,-0.10653980089099656,1.7,3.6,-8.33837890625,113125,2.3894786834716797,0.13799408078193665
18,21,1-4-4-8_png.rf.f3aa59e57f5ca72aeea7e50439585d64.jpg,1-4-4-8_png,1,2.0101242065429688,2,-0.0680843983638632,1.4,4.8,-7.6487579345703125,1560,2.099778175354004,-0.08965405821800232
19,22,2-0-4-8_png.rf.2d8d88db83f1bf04c97fdc68c81744e1.jpg,2-0-4-8_png,8,7.882473468780518,8,-0.6457440184019234,2.0,4.8,-58.73649597167969,321,9.151225090026855,-1.2687515020370483
19,23,2-0-4-8_png.rf.2d8d88db83f1bf04c97fdc68c81744e1.jpg,2-0-4-8_png,7,7.163644790649414,7,-0.4104570104606829,2.0,4.8,-35.984596252441406,1750,7.920863151550293,-0.757218599319458
19,24,2-0-4-8_png.rf.2d8d88db83f1bf04c97fdc68c81744e1.jpg,2-0-4-8_png,6,9.032204627990723,9,-0.49869953752381874,2.0,4.8,-45.33386993408203,895,8.38230037689209,0.6499040126800537
20,25,1_4-3_6-6-100-6_png.rf.50558fcc8fa995efa39f338aa6c762e6.jpg,1_4-3_6-6-100-6_png,6,5.3957743644714355,5,-0.23504401939433286,1.4,3.6,-23.688087463378906,154982,4.287043571472168,1.1087307929992676
21,26,1-4-4-2-3-100-2_png.rf.26e23fd2d0db8cd2ca7d0bfeb38f826e.jpg,1-4-4-2-3-100-2_png,7,8.098047256469727,8,-0.4065421130449862,1.4,4.2,-39.68793869018555,49623,7.708369731903076,0.38967785239219666
22,27,1_4-4_5-6-100-6_png.rf.71ce24289b6600388084dd1492d0b1e3.jpg,1_4-4_5-6-100-6_png,6,3.9213876724243164,4,-0.18817299549882183,1.4,4.5,-17.779170989990234,154661,3.673007011413574,0.24838076531887054
23,28,1_4-4_5-3-100_png.rf.9605688146aeb4356a3ecb9b51196988.jpg,1_4-4_5-3-100_png,3,2.2344906330108643,2,-0.08373888656009697,1.4,4.5,-8.138705253601074,114425,2.304860830307007,-0.07037024199962616
24,29,1_1-3_9-6-100-6_png.rf.a88998dc69448b1ad83e064fa76db9ca.jpg,1_1-3_9-6-100-6_png,6,5.4141340255737305,5,-0.20048619951204524,1.1,3.9,-24.923316955566406,153157,4.048403739929199,1.3657305240631104
25,30,1-7-4-2_png.rf.5c7d7637db8da6a78ace9874fe6893cb.jpg,1-7-4-2_png,4,5.209354400634766,5,-0.28869846322890697,1.7,4.2,-33.736820220947266,3703,7.188153266906738,-1.9787988662719727
26,31,2-0-4-5_png.rf.0a34c6def6138079054dac3cc553b530.jpg,2-0-4-5_png,7,7.831602096557617,8,-0.6532585680314064,2.0,4.5,-56.60894775390625,2668,9.190520286560059,-1.3589184284210205
27,32,1-4-4-8_png.rf.db8d86d6a8fcd4d7944d9af17d877479.jpg,1-4-4-8_png,1,1.7914483547210693,2,-0.05307086584442692,1.4,4.8,-5.951586723327637,2857,1.903092384338379,-0.1116439700126648
28,33,0_8-4_2-3-100_png.rf.18653e40bfd1647302ca3d150de43a57.jpg,0_8-4_2-3-100_png,3,3.5390422344207764,4,-0.11167122231649505,0.8,4.2,-18.12506103515625,111370,3.098963975906372,0.4400782883167267
29,34,1_1-4_2-3-100-4_png.rf.f93cf7102162e314a6c52f1ddd451bab.jpg,1_1-4_2-3-100-4_png,3,2.8726742267608643,3,-0.12450806056807813,1.1,4.2,-16.954896926879883,43583,3.053046941757202,-0.18037265539169312
30,35,1-4-3-9_png.rf.05159b6852fee25a7113174d24504832.jpg,1-4-3-9_png,10,8.255938529968262,8,-0.41738749259405833,1.4,3.9,-55.682533264160156,566,7.765082359313965,0.49085626006126404
31,38,2-3-3-6_png.rf.0cfb48560d17942562a31c07e008a348.jpg,2-3-3-6_png,10,9.828685760498047,10,-0.5711425187526052,2.3,3.6,-49.94827651977539,542,8.85713005065918,0.9715557098388672
32,41,1-1-4-2-7-10-2_png.rf.283e154f552f295b51f079d3240045a3.jpg,1-1-4-2-7-10-2_png,7,8.072070121765137,8,-0.487413812108496,1.1,4.2,-58.70028305053711,498,8.035253524780273,0.03681635484099388
34,43,1-1-3-9_png.rf.623480332ed46b80747e30151fbcc404.jpg,1-1-3-9_png,1,1.7336037158966064,2,-0.03456313449113974,1.1,3.9,-5.001977920532227,2822,1.874717354774475,-0.14111362397670746
35,44,1-1-3-9-3-10-4_png.rf.2ac73102331695d1ab2a5504200617cf.jpg,1-1-3-9-3-10-4_png,3,3.6156699657440186,4,-0.1517559001436499,1.1,3.9,-18.79813575744629,613,3.4100089073181152,0.2056611180305481
36,45,1_7-4_8-6-100-6_png.rf.91f248759690878270cf5e8fbddd2ec7.jpg,1_7-4_8-6-100-6_png,6,5.2235307693481445,5,-0.25408123965976526,1.7,4.8,-18.482219696044922,152787,4.322355270385742,0.901175320148468
37,46,1_1-4_2-2-100-3_png.rf.e86c31e639dd005cfb5488246f6e6457.jpg,1_1-4_2-2-100-3_png,2,1.6363409757614136,2,-0.02546581315763309,1.1,4.2,-3.2868404388427734,562249,1.7555372714996338,-0.11919626593589783
38,47,1-4-3-3_png.rf.e01c097c09b034407d3560c2f71e1f1a.jpg,1-4-3-3_png,8,8.110498428344727,8,-0.40729613405597903,1.4,3.3,-62.96440505981445,2579,7.712312698364258,0.39818596839904785
39,48,1_4-3_9-2-100-3_png.rf.4ab8e79bed923de2b2e025c3f2ba23f6.jpg,1_4-3_9-2-100-3_png,2,1.2993547916412354,1,-0.019749346881906448,1.4,3.9,-1.890890121459961,560022,1.4665615558624268,-0.16720670461654663
40,49,1-7-3-6_png.rf.407e35fc1a0d153e0e145357b5626217.jpg,1-7-3-6_png,9,8.504362106323242,9,-0.49650199857047106,1.7,3.6,-63.99871063232422,2538,8.274798393249512,0.22956328094005585
41,50,1-1-4-8_png.rf.dacb87c5415ad4b2b5c3daabf1fc8f59.jpg,1-1-4-8_png,1,1.8411774635314941,2,-0.04471492690010231,1.1,4.8,-5.168560028076172,2821,2.00771164894104,-0.16653424501419067
42,51,1_7-4_8-3-100_png.rf.0730fec7074639f1c6757fe740a2c695.jpg,1_7-4_8-3-100_png,3,2.54284405708313,3,-0.10743884698771788,1.7,4.8,-8.059440612792969,112323,2.401256799697876,0.14158734679222107
43,52,1_7-4_5-6-100-6_png.rf.6e3d501f7bcdb51ffb120b876223d08a.jpg,1_7-4_5-6-100-6_png,6,5.447554588317871,5,-0.2620694445178022,1.7,4.5,-18.927715301513672,154624,4.427004814147949,1.0205495357513428
44,53,2-0-3-6_png.rf.3d69e14f466659a7ee0483f5fa76bf24.jpg,2-0-3-6_png,10,8.957011222839355,9,-0.48786194277034056,2.0,3.6,-52.455848693847656,559,8.325628280639648,0.6313828229904175
47,58,0_8-4_5-6-100-6_png.rf.30359b5620a1f732f5ddd7eaec705ca9.jpg,0_8-4_5-6-100-6_png,6,5.179380416870117,5,-0.1591223229937557,0.8,4.5,-24.99751091003418,150830,3.720600128173828,1.4587801694869995
48,59,2-0-4-2_png.rf.c332436ded6c863ffe997890c55583bf.jpg,2-0-4-2_png,7,8.025530815124512,8,-0.6294481773733542,2.0,4.2,-55.78142547607422,2328,9.066011428833008,-1.0404808521270752
49,60,2-0-3-6_png.rf.3fc229b5df2e28f7a05607a551216f1b.jpg,2-0-3-6_png,7,8.216794967651367,8,-0.612476370743082,2.0,3.6,-56.94379806518555,2008,8.977262496948242,-0.7604673504829407
50,61,2-0-3-9_png.rf.02a4293495d8b213047de38eb520f58b.jpg,2-0-3-9_png,1,1.3439420461654663,1,-0.05318219632945326,2.0,3.9,-5.073039531707764,2975,1.4763771295547485,-0.13243509829044342
51,62,2-3-3-3_png.rf.5e9a734bca4015ce75e1db5eba5f3b4e.jpg,2-3-3-3_png,9,9.757786750793457,10,-0.589461891607488,2.3,3.3,-54.725284576416016,2391,8.952925682067871,0.804861307144165
52,63,1-4-4-5_png.rf.4b994a44226b69733801be9ebc44900a.jpg,1-4-4-5_png,1,1.8964030742645264,2,-0.06024639112844942,1.4,4.5,-7.123135566711426,1435,1.9970958232879639,-0.10069279372692108
53,64,1-7-3-6-3-100-2_png.rf.b44f5fc19f8902c0f1aed1d721b4009c.jpg,1-7-3-6-3-100-2_png,7,8.166545867919922,8,-0.441776427417416,1.7,3.6,-34.06749725341797,49465,7.988627910614014,0.1779184341430664
54,65,1-1-3-3_png.rf.1588a2e811cff88ce0bac79c7ea61845.jpg,1-1-3-3_png,4,5.461416721343994,5,-0.2019902607046066,1.1,3.3,-34.171043395996094,3793,4.068107604980469,1.3933091163635254
55,66,1-4-4-8_png.rf.f46d5b3e3065366457ae1906bf371694.jpg,1-4-4-8_png,7,7.575381278991699,8,-0.5623697920648959,1.4,4.8,-61.726314544677734,2185,8.523222923278809,-0.9478417038917542
56,67,1-4-3-9_png.rf.f492364b1989e6d604c0bcf83c304dd5.jpg,1-4-3-9_png,4,4.3703131675720215,4,-0.2038929589173724,1.4,3.9,-28.007884979248047,3704,3.8789472579956055,0.49136579036712646
57,68,0-8-3-9-6-10-6_png.rf.7727909cde990ecc79216d1b96fda888.jpg,0-8-3-9-6-10-6_png,6,5.956145763397217,6,-0.2647646495294592,0.8,3.9,-40.35774230957031,1702,6.774966239929199,-0.8188203573226929
58,69,1_1-4_8-3-100_png.rf.f80e9ed0e77f811810e61aa26d87e516.jpg,1_1-4_8-3-100_png,3,2.3286004066467285,2,-0.08932523809965016,1.1,4.8,-11.915633201599121,111372,2.592132091522217,-0.26353174448013306
59,70,1_1-4_8-6-100-6_png.rf.386e54e67e4c29b456cc3fcb277e2700.jpg,1_1-4_8-6-100-6_png,6,4.894869804382324,5,-0.18554800437058847,1.1,4.8,-23.952804565429688,158484,3.8527047634124756,1.0421651601791382
60,71,2-0-4-2_png.rf.98bc283adde2dbb44e27c9ad58658945.jpg,2-0-4-2_png,1,1.0193578004837036,1,-0.0352228915235555,2.0,4.2,-3.297623634338379,1435,1.2411000728607178,-0.22174222767353058
61,72,2-3-3-3_png.rf.e715422f3eb1a8be968b9f3df98dd932.jpg,2-3-3-3_png,2,2.25569486618042,2,-0.11388700280272197,2.3,3.3,-13.951033592224121,869,2.0575578212738037,0.1981370449066162
62,73,2-0-3-9_png.rf.1030f4c5e8c3d52f71478c3d12cf6e78.jpg,2-0-3-9_png,8,8.138053894042969,8,-0.6190940103317593,2.0,3.9,-60.30821228027344,429,9.01186752319336,-0.8738135099411011
62,74,2-0-3-9_png.rf.1030f4c5e8c3d52f71478c3d12cf6e78.jpg,2-0-3-9_png,7,7.6611647605896,8,-0.4246806979789946,2.0,3.9,-39.736358642578125,2082,7.995241641998291,-0.33407679200172424
62,75,2-0-3-9_png.rf.1030f4c5e8c3d52f71478c3d12cf6e78.jpg,2-0-3-9_png,6,8.836686134338379,9,-0.4764204883924884,2.0,3.9,-46.31151580810547,769,8.265798568725586,0.5708872675895691
63,76,1-4-4-2_png.rf.076c145d98f3218171abce1595a647b1.jpg,1-4-4-2_png,8,7.686637878417969,8,-0.5516582172020643,1.4,4.2,-66.38731384277344,471,8.46721076965332,-0.7805728912353516
63,77,1-4-4-2_png.rf.076c145d98f3218171abce1595a647b1.jpg,1-4-4-2_png,7,8.296250343322754,8,-0.49728905627974374,1.4,4.2,-57.86376953125,1909,8.182903289794922,0.11334734410047531
63,78,1-4-4-2_png.rf.076c145d98f3218171abce1595a647b1.jpg,1-4-4-2_png,6,8.09328556060791,8,-0.40625751762087475,1.4,4.2,-48.818641662597656,744,7.706881523132324,0.38640421628952026
64,79,1-7-3-6-3-10-4_png.rf.7706566b09988ab96aa292145be3ff1e.jpg,1-7-3-6-3-10-4_png,3,4.532721519470215,5,-0.22735023921711292,1.7,3.6,-15.510085105895996,564,3.9721639156341553,0.5605576038360596
65,80,1-7-4-8_png.rf.8d87fcd0542156ea4bfce103f4562988.jpg,1-7-4-8_png,1,1.3896105289459229,1,-0.04141587004708866,1.7,4.8,-4.156480312347412,2843,1.536318302154541,-0.14670772850513458
66,81,1-7-4-2_png.rf.c13d1a9b1c75e2e36673574149b0536b.jpg,1-7-4-2_png,1,1.0339411497116089,1,-0.020428522361967096,1.7,4.2,-2.3827857971191406,4531,1.2613722085952759,-0.22743108868598938
67,82,1_4-3_9-3-100-4_png.rf.1fe85423000f028ef309c98bb6093f63.jpg,1_4-3_9-3-100-4_png,3,2.817082643508911,3,-0.12743124515440457,1.4,3.9,-13.005273818969727,44012,2.877255439758301,-0.06017276644706726
68,83,2-0-3-3_png.rf.925e14054494dd440ccb06f615e5e7cd.jpg,2-0-3-3_png,4,3.4432942867279053,3,-0.16791444452970442,2.0,3.3,-16.311166763305664,8041,2.9794347286224365,0.4638596177101135
69,84,1_4-4_2-3-100-4_png.rf.d987341b6365626d8bcb976e62677fd2.jpg,1_4-4_2-3-100-4_png,3,2.9958419799804688,3,-0.14064253458901582,1.4,4.2,-14.081388473510742,43593,3.050330877304077,-0.054488953202962875
70,85,2-0-3-6_png.rf.fba21ca3e8b92ab2c54c0c7a02e5ca6f.jpg,2-0-3-6_png,1,1.4043850898742676,1,-0.056461214452952206,2.0,3.6,-5.544877052307129,2844,1.519334077835083,-0.11494901776313782
71,86,1-4-4-2-12-100-5_png.rf.a45f1edf805501a602bd6352f991f3eb.jpg,1-4-4-2-12-100-5_png,9,8.45386028289795,8,-0.47353136811916585,1.4,4.2,-46.71010208129883,63138,8.058670043945312,0.3951902985572815
72,87,1-7-3-3_png.rf.2cab010acaac2b68ec0bb1c44f5d3755.jpg,1-7-3-3_png,4,3.2488865852355957,3,-0.15338464924746395,1.7,3.3,-18.61878204345703,8095,3.0031728744506836,0.24571365118026733
72,88,1-7-3-3_png.rf.2cab010acaac2b68ec0bb1c44f5d3755.jpg,1-7-3-3_png,3,3.0371735095977783,3,-0.13838540617063436,1.7,3.3,-16.869796752929688,6469,2.8066742420196533,0.23049934208393097
72,89,1-7-3-3_png.rf.2cab010acaac2b68ec0bb1c44f5d3755.jpg,1-7-3-3_png,4,3.1885151863098145,3,-0.14905524969739564,1.7,3.3,-18.203039169311523,2189,2.9464550018310547,0.2420600801706314
73,90,1-7-4-2_png.rf.81f1ec2b360aed9d52faff0953fb6767.jpg,1-7-4-2_png,1,1.2479498386383057,1,-0.03315461600673244,1.7,4.2,-3.871096611022949,1618,1.428091287612915,-0.1801414042711258
74,91,1-4-3-9-12-10-5_png.rf.dc5755f99a8b2b3c87f59f2923c8ace3.jpg,1-4-3-9-12-10-5_png,9,7.224587440490723,7,-0.6465899724749181,1.4,3.9,-56.41000747680664,627,8.963626861572266,-1.7390393018722534
75,92,1_4-4_5-2-100-3_png.rf.7f909e9237377be9b018ad20e85265de.jpg,1_4-4_5-2-100-3_png,2,1.5050402879714966,2,-0.033670209777552154,1.4,4.5,-3.196065902709961,560279,1.6489328145980835,-0.14389252662658691
76,93,0-8-4-2-2-10-3_png.rf.e877450e1ac246ac22a5273582a6190e.jpg,0-8-4-2-2-10-3_png,2,2.6181833744049072,3,-0.07291244780160203,0.8,4.2,-11.235132217407227,5631,2.5912020206451416,0.026981430128216743
77,94,1-7-4-2_png.rf.590ea26f90099b365668b33fca049963.jpg,1-7-4-2_png,7,7.874333381652832,8,-0.5718098710661369,1.7,4.2,-57.30374526977539,2421,8.668598175048828,-0.794264554977417
78,95,1-4-3-9_png.rf.698cb0a376f514d9a60369673b8ffe02.jpg,1-4-3-9_png,1,1.5549414157867432,2,-0.03704106421410107,1.4,3.9,-5.0247111320495605,1580,1.6930928230285645,-0.13815142214298248
79,96,2-0-3-3_png.rf.d901e24fb364ff365fec5a8998dd923f.jpg,2-0-3-3_png,10,8.987104415893555,9,-0.49160400055452497,2.0,3.3,-56.625701904296875,581,8.345196723937988,0.6419074535369873
80,99,0_8-3_9-3-100_png.rf.315efbe5cfa3092d82103032fd3a6583.jpg,0_8-3_9-3-100_png,3,3.9710793495178223,4,-0.12427352792144296,0.8,3.9,-20.526569366455078,111480,3.264061212539673,0.707018256187439
81,100,1_7-4_5-3-100-4_png.rf.1244211cc8c45a78894228669e8a2ed4.jpg,1_7-4_5-3-100-4_png,3,2.828981399536133,3,-0.12458495589737363,1.7,4.5,-9.143943786621094,44276,2.625880718231201,0.20310065150260925
83,102,1_7-3_3-3-100_png.rf.486e160fc43b2e6c42316993932af153.jpg,1_7-3_3-3-100_png,3,2.147249221801758,2,-0.08459446218035845,1.7,3.3,-6.636065483093262,112833,2.101982593536377,0.04526650905609131
84,103,0_8-4_5-2-100-3_png.rf.2ecd7b27bf5a85a2ab964888eb01a2b6.jpg,0_8-4_5-2-100-3_png,2,2.041276454925537,2,-0.01578850785979109,0.8,4.5,-2.4484329223632812,563233,1.8428460359573364,0.19843046367168427
85,104,0-8-4-5-7-10-2_png.rf.d04e1b282cf4cbfd20a9f06418a862be.jpg,0-8-4-5-7-10-2_png,7,7.557771682739258,8,-0.4996858085472793,0.8,4.5,-65.94657897949219,456,8.00341510772705,-0.4456435739994049
86,105,1-1-3-9-3-10_png.rf.e7139b506e18616f1b606e2b99c7d54f.jpg,1-1-3-9-3-10_png,3,4.108431339263916,4,-0.16523146127226257,1.1,3.9,-20.726333618164062,957,3.5865466594696045,0.5218847393989563
87,106,1-1-4-5-3-10-4_png.rf.1930ecac4fb716eb7b49390bec245c45.jpg,1-1-4-5-3-10-4_png,3,3.5342016220092773,4,-0.14932013720908505,1.1,4.5,-16.813873291015625,602,3.378099203109741,0.15610253810882568
88,107,0_8-3_6-3-100-4_png.rf.422f9abb5f2e946d93e10e275a7651b4.jpg,0_8-3_6-3-100-4_png,3,2.7936270236968994,3,-0.08290501548463027,0.8,3.6,-13.642391204833984,43657,2.7221102714538574,0.0715167224407196
89,108,1-4-3-6-3-10-4_png.rf.6eeeb2f2d66d855f1234509223102911.jpg,1-4-3-6-3-10-4_png,3,4.262938022613525,4,-0.2003460294935947,1.4,3.6,-18.473182678222656,578,3.8324804306030273,0.4304574131965637
90,109,2-0-3-9_png.rf.4ee4d42b4d799e45d26254deaa47b7ef.jpg,2-0-3-9_png,9,9.044382095336914,9,-0.5343276322333532,2.0,3.9,-57.3602294921875,2442,8.568607330322266,0.47577473521232605
91,110,1-7-3-3_png.rf.31ae33f756a0aedc8dbeea1df6f22af7.jpg,1-7-3-3_png,8,7.842905521392822,8,-0.4243282622931566,1.7,3.3,-60.42144775390625,2591,7.897387981414795,-0.05448249354958534
92,111,1-7-3-6_png.rf.d9a55a944ba0f9a7317593ffde720dae.jpg,1-7-3-6_png,1,1.183465838432312,1,-0.029354237065604253,1.7,3.6,-3.5786824226379395,1524,1.378304123878479,-0.194838285446167
93,112,1-7-4-5_png.rf.55867e524dbd7408fa6ed4ed191e521e.jpg,1-7-4-5_png,8,7.912497520446777,8,-0.5682744716986949,1.7,4.5,-59.48208999633789,332,8.650111198425293,-0.73761385679245
93,113,1-7-4-5_png.rf.55867e524dbd7408fa6ed4ed191e521e.jpg,1-7-4-5_png,7,8.457498550415039,8,-0.4698763455845242,1.7,4.5,-47.58881759643555,1438,8.135567665100098,0.32193127274513245
93,114,1-7-4-5_png.rf.55867e524dbd7408fa6ed4ed191e521e.jpg,1-7-4-5_png,6,7.82626485824585,8,-0.4235794466803949,1.7,4.5,-44.36397171020508,761,7.893472194671631,-0.06720739603042603
94,115,1_7-4_5-2-100-3_png.rf.e5bf428120ed67985eea4f743de1b02f.jpg,1_7-4_5-2-100-3_png,2,1.3435478210449219,1,-0.03874176433293615,1.7,4.5,-2.7291479110717773,562496,1.5012860298156738,-0.15773823857307434
95,116,0-8-4-2-7-100-2_png.rf.35ac0108bf9e5f94f93327fcf6b20fe3.jpg,0-8-4-2-7-100-2_png,7,6.208295822143555,6,-0.27045454029499033,0.8,4.2,-43.627532958984375,49317,6.8047194480896,-0.5964238047599792
96,117,1-7-3-9_png.rf.c582e955f786b0ba3d85daaf24041918.jpg,1-7-3-9_png,1,1.102429986000061,1,-0.024537874927462528,1.7,3.9,-2.943471908569336,1811,1.3152070045471191,-0.2127770036458969
97,118,1-4-3-9_png.rf.9c031c083546c181258720fd342dd113.jpg,1-4-3-9_png,8,8.439167022705078,8,-0.4382981163088813,1.4,3.9,-58.00466537475586,2634,7.874427795410156,0.5647388100624084
98,119,1-1-3-3_png.rf.8ecfe0f60c2afbe95fcb3c05913eba08.jpg,1-1-3-3_png,8,7.498443603515625,7,-0.5350537129592081,1.1,3.3,-76.58580017089844,254,8.284371376037598,-0.7859277725219727
98,120,1-1-3-3_png.rf.8ecfe0f60c2afbe95fcb3c05913eba08.jpg,1-1-3-3_png,7,8.345181465148926,8,-0.46034033029881893,1.1,3.3,-63.88100814819336,1547,7.893680572509766,0.45150089263916016
98,121,1-1-3-3_png.rf.8ecfe0f60c2afbe95fcb3c05913eba08.jpg,1-1-3-3_png,6,8.36659049987793,8,-0.39066124225079635,1.1,3.3,-55.845088958740234,838,7.529314994812012,0.837275505065918
99,122,1-7-3-6_png.rf.50ba7e2e614d499e29265db0c2935702.jpg,1-7-3-6_png,8,8.211216926574707,8,-0.5408390020757851,1.7,3.6,-59.51911926269531,372,8.506645202636719,-0.2954283654689789
99,123,1-7-3-6_png.rf.50ba7e2e614d499e29265db0c2935702.jpg,1-7-3-6_png,7,7.799437046051025,8,-0.42239376509489596,1.7,3.6,-44.79819869995117,1704,7.887271881103516,-0.0878349095582962
99,124,1-7-3-6_png.rf.50ba7e2e614d499e29265db0c2935702.jpg,1-7-3-6_png,6,7.835058212280273,8,-0.4239739101024585,1.7,3.6,-46.63340377807617,776,7.895534992218018,-0.06047658994793892
100,125,2-0-3-9_png.rf.d2c1e3dea6b0286e989fd1a0c59584d7.jpg,2-0-3-9_png,10,9.077903747558594,9,-0.5127589636495682,2.0,3.9,-53.65081787109375,552,8.455820083618164,0.6220835447311401
101,128,0_8-3_9-6-100-6_png.rf.eb70dbed372fde1a8eeba331d408646b.jpg,0_8-3_9-6-100-6_png,6,4.311817169189453,4,-0.13361561988528212,0.8,3.9,-21.183992385864258,156210,3.3864479064941406,0.9253690838813782
103,130,1-4-3-9-12-100-5_png.rf.57d864b235718f7371229e26c0f6f69d.jpg,1-4-3-9-12-100-5_png,9,8.358782768249512,8,-0.4897143838535084,1.4,3.9,-49.05675506591797,63191,8.143293380737305,0.21548965573310852
104,131,1-4-4-5-2-10-3_png.rf.e0bc8357f7b89a69e5a629a720e8fce2.jpg,1-4-4-5-2-10-3_png,2,2.587667942047119,3,-0.10951190513491176,1.4,4.5,-10.373008728027344,5517,2.6425020694732666,-0.054834164679050446
105,132,1-1-4-5_png.rf.7e33b0c527c83096799dbe73c44947b2.jpg,1-1-4-5_png,7,7.165891170501709,7,-0.5764507798592303,1.1,4.5,-64.9621353149414,2778,8.500844955444336,-1.3349536657333374
106,133,0-8-4-2-12-100-5_png.rf.b9b208bdce743e00daa47462989b0204.jpg,0-8-4-2-12-100-5_png,9,8.46705150604248,8,-0.37221524805420714,0.8,4.2,-56.779693603515625,63344,7.336846351623535,1.130205512046814
108,135,2-0-4-5_png.rf.7c5d3eb92b26ca429afc8700b2e2d5ef.jpg,2-0-4-5_png,1,0.9892338514328003,1,-0.03352142523502839,2.0,4.5,-3.0880582332611084,1366,1.2188098430633545,-0.2295760214328766
109,136,0_8-4_8-2-100-3_png.rf.8a66934445864ea927cfaf6538e75a0d.jpg,0_8-4_8-2-100-3_png,2,2.1311159133911133,2,-0.02774056443137355,0.8,4.8,-4.042095184326172,566009,1.999424695968628,0.131691113114357
110,137,1-4-3-6_png.rf.506e6f8217cf3f23b6b66a721ead12f9.jpg,1-4-3-6_png,8,8.384382247924805,8,-0.430009047717173,1.4,3.6,-61.93220138549805,2603,7.831082820892334,0.5532997250556946
111,138,1-1-4-5-12-100-5_png.rf.fd9c9e832b49c77db7d27572b292bdd5.jpg,1-1-4-5-12-100-5_png,9,8.472225189208984,8,-0.43818837438446395,1.1,4.5,-57.91717529296875,63097,7.777843475341797,0.6943816542625427
112,139,1-7-3-6-12-100-5_png.rf.964bc88ac4b9df5d60924864c973cfc7.jpg,1-7-3-6-12-100-5_png,9,7.90297269821167,8,-0.5691499957258246,1.7,3.6,-43.68505859375,63078,8.654688835144043,-0.751716136932373
113,140,1-7-3-3_png.rf.6cf67ff9099ab0ce57156e0529384bea.jpg,1-7-3-3_png,1,1.5179775953292847,2,-0.04881498971053822,1.7,3.3,-6.057804584503174,2939,1.6332509517669678,-0.1152733787894249
114,141,0-8-4-2-6-10-6_png.rf.f06bc3ebab8cf4997dc15e7d8f16e2c4.jpg,0-8-4-2-6-10-6_png,6,7.242837429046631,7,-0.2954284174789364,0.8,4.2,-42.834686279296875,1785,6.9353132247924805,0.3075244128704071
115,142,1_1-3_6-3-100-4_png.rf.e368392c4c3ff1748041adcd52dbf546.jpg,1_1-3_6-3-100-4_png,3,2.2514781951904297,2,-0.08259118534471156,1.1,3.6,-11.23657512664795,43871,2.5039119720458984,-0.252433717250824
116,143,1-4-3-9_png.rf.b58046ccab02c43dbd2b868ec3640a4c.jpg,1-4-3-9_png,9,7.592236518859863,8,-0.5606629561084433,1.4,3.9,-73.81279754638672,2543,8.514298439025879,-0.9220619201660156
117,144,0-8-3-6-12-100-5_png.rf.fdde129f448b2c6f99067ae63e4fda0a.jpg,0-8-3-6-12-100-5_png,9,8.470359802246094,8,-0.3731504890237408,0.8,3.6,-57.94844436645508,63457,7.341736793518066,1.128623127937317
118,145,1_1-4_2-3-100_png.rf.42570de34f7073cfee581b86f8af573d.jpg,1_1-4_2-3-100_png,3,2.808398962020874,3,-0.12134094840303368,1.1,4.2,-16.642662048339844,111420,3.0115559101104736,-0.2031569927930832
119,146,1-4-4-2_png.rf.721481f17552402d880ef5900c63faf4.jpg,1-4-4-2_png,1,1.7583636045455933,2,-0.05081876395541692,1.4,4.2,-6.474191188812256,1445,1.8735885620117188,-0.11522490531206131
120,147,1_7-4_2-2-100-3_png.rf.ff8ad4d9aa5b08ad94ec045d356a643c.jpg,1_7-4_2-2-100-3_png,2,1.6342642307281494,2,-0.05546198436712217,1.7,4.2,-3.882439613342285,558877,1.7203304767608643,-0.08606623858213425
121,148,1-4-3-3_png.rf.6668aa2907434c01664475b36ff7ac32.jpg,1-4-3-3_png,4,3.608311653137207,4,-0.17522625381857626,1.4,3.3,-26.847150802612305,3864,3.503397226333618,0.10491454601287842
122,149,1-7-3-6_png.rf.542cf4e512e41802a242248e50d73fb1.jpg,1-7-3-6_png,1,1.483628273010254,1,-0.046842097321249415,1.7,3.6,-5.695908546447754,2956,1.6074049472808838,-0.12377672642469406
123,150,2-0-4-8_png.rf.22b12e455b24cf01141f154232072b13.jpg,2-0-4-8_png,1,0.8680782318115234,1,-0.026608736018134592,2.0,4.8,-2.4094247817993164,1658,1.1282497644424438,-0.260171502828598
124,151,2-0-3-3_png.rf.dfe778684e22e24d4bbc2a0596af932e.jpg,2-0-3-3_png,8,8.883727073669434,9,-0.48043504261696834,2.0,3.3,-55.347434997558594,2602,8.286791801452637,0.5969350337982178
125,152,1_1-4_5-6-100-6_png.rf.0b8e3442181b82ee809fae0aff8f441c.jpg,1_1-4_5-6-100-6_png,6,4.376922130584717,4,-0.17213628930756875,1.1,4.5,-22.847278594970703,159510,3.677003860473633,0.6999180912971497
126,153,1-7-3-6_png.rf.c553888bbb4f29eae5695f31b560900b.jpg,1-7-3-6_png,8,8.0181884765625,8,-0.4329646385256566,1.7,3.6,-55.99013137817383,2646,7.942549228668213,0.0756395012140274
127,154,0-8-4-5-12-100-5_png.rf.d27c5131de768145c0426d580c16b1be.jpg,0-8-4-5-12-100-5_png,9,8.492193222045898,8,-0.38166862186610284,0.8,4.5,-57.98881530761719,62911,7.386280059814453,1.1059129238128662
128,155,1-1-3-3_png.rf.49cebed77ee5ec9b29f049acad6e2b79.jpg,1-1-3-3_png,1,1.7498551607131958,2,-0.03609241782301115,1.1,3.3,-6.085557460784912,2804,1.8947519063949585,-0.14489677548408508
130,157,1-4-4-8-12-100-5_png.rf.0555e2344387b938e225ac587bed8c57.jpg,1-4-4-8-12-100-5_png,9,8.053545951843262,8,-0.5203356014988185,1.4,4.8,-50.866790771484375,63080,8.303418159484863,-0.24987265467643738
131,158,2-0-3-6_png.rf.5bb8149664dcb3d94ba83f2ff79fa905.jpg,2-0-3-6_png,9,9.033465385437012,9,-0.5367228433585719,2.0,3.6,-60.78181457519531,2479,8.581131935119629,0.45233336091041565
132,159,1-1-3-6_png.rf.41f8282f4d610f31de920e2ddda062ec.jpg,1-1-3-6_png,1,1.8115448951721191,2,-0.04191332781911032,1.1,3.6,-6.552555561065674,2882,1.9710090160369873,-0.15946407616138458
133,160,0_8-3_9-3-100-4_png.rf.a0ea87f8dc3849c82ca77e62678da871.jpg,0_8-3_9-3-100-4_png,3,2.803637981414795,3,-0.08341489974221683,0.8,3.9,-13.624107360839844,43708,2.728790044784546,0.07484781742095947
134,161,0_8-3_6-6-100-6_png.rf.f710411774b36466e267112827b949a5.jpg,0_8-3_6-6-100-6_png,6,4.474583625793457,4,-0.13806741614055076,0.8,3.6,-22.10089683532715,151397,3.4447689056396484,1.029814600944519
135,162,1_1-4_5-3-100-4_png.rf.223b501cee6e7eb4d02511764b426737.jpg,1_1-4_5-3-100-4_png,3,2.4897711277008057,2,-0.10202079595454404,1.1,4.5,-13.596872329711914,43588,2.758450984954834,-0.2686799466609955
136,163,1_7-4_2-6-100-6_png.rf.990c8e7dc81a0a2d300343068da7acde.jpg,1_7-4_2-6-100-6_png,6,5.231712341308594,5,-0.2543764551853808,1.7,4.2,-18.58553695678711,158614,4.3262224197387695,0.9054898023605347
137,164,1-4-3-6_png.rf.e93f378564d40fcce19c08ba50d4b80e.jpg,1-4-3-6_png,4,3.883629560470581,4,-0.18672074337506203,1.4,3.6,-27.419124603271484,3734,3.6539816856384277,0.2296479195356369
138,165,0_5-3_6-3-100_png.rf.a37dca445803ab946ffc1b764fe8b01a.jpg,0_5-3_6-3-100_png,3,3.129758834838867,3,-0.06021810184415401,0.5,3.6,-10.295252799987793,110945,2.6389856338500977,0.4907732903957367
139,166,2-0-3-6_png.rf.dfd2ed6d229fdff01bf4e2646f79ed30.jpg,2-0-3-6_png,8,8.31927490234375,8,-0.6043176954204597,2.0,3.6,-60.092735290527344,358,8.934598922729492,-0.6153243780136108
139,167,2-0-3-6_png.rf.dfd2ed6d229fdff01bf4e2646f79ed30.jpg,2-0-3-6_png,7,7.817269802093506,8,-0.4294338345858068,2.0,3.6,-41.095909118652344,1542,8.020096778869629,-0.20282697677612305
139,168,2-0-3-6_png.rf.dfd2ed6d229fdff01bf4e2646f79ed30.jpg,2-0-3-6_png,6,8.714285850524902,9,-0.4675891015436421,2.0,3.6,-46.495391845703125,692,8.21961784362793,0.494667649269104
140,169,1-1-4-2-12-100-5_png.rf.a06707ba39ac8a29078cd1cef195266e.jpg,1-1-4-2-12-100-5_png,9,8.496965408325195,8,-0.4265394689107015,1.1,4.2,-57.35490798950195,62715,7.7169294357299805,0.7800363898277283
141,170,0_8-3_3-3-100_png.rf.a012420ec64f66620ccc5a96800803b2.jpg,0_8-3_3-3-100_png,3,2.703674077987671,3,-0.0780537470824164,0.8,3.3,-12.94199275970459,112815,2.6585559844970703,0.04511800780892372
142,171,1_1-4_5-2-100-3_png.rf.f34372d84d1a09f32dab0ddd3bbdc3a2.jpg,1_1-4_5-2-100-3_png,2,1.6024895906448364,2,-0.022328057334801345,1.1,4.5,-2.8474903106689453,561800,1.7144309282302856,-0.11194130033254623
143,172,1-7-3-9-3-100-2_png.rf.ee81b88ff4edb73bd3d52cb407594140.jpg,1-7-3-9-3-100-2_png,7,8.361884117126465,8,-0.45745727973996764,1.7,3.9,-35.22759246826172,49638,8.070626258850098,0.29125744104385376
144,173,1_7-4_8-2-100-3_png.rf.35cff443e29eb149afc2100cf8f53c85.jpg,1_7-4_8-2-100-3_png,2,1.5133447647094727,2,-0.048549166667560935,1.7,4.8,-3.451620101928711,557528,1.6297686100006104,-0.11642381548881531
145,174,2-0-3-9_png.rf.949fa39f6d31623a6121b4a7e8353f35.jpg,2-0-3-9_png,4,3.9204421043395996,4,-0.20042418551660146,2.0,3.9,-19.273204803466797,3638,3.4053306579589844,0.5151114463806152
147,176,2-3-3-6_png.rf.3c4a60517d910f7cc6ef6f04131c8b3b.jpg,2-3-3-6_png,9,9.781874656677246,10,-0.5850976450456972,2.3,3.6,-52.711917877197266,2397,8.93010425567627,0.8517701625823975
148,177,1-1-3-3_png.rf.707bafc38e8ad25edf097d5042aa696e.jpg,1-1-3-3_png,7,7.78513240814209,8,-0.5106625363937978,1.1,3.3,-66.7472152709961,3275,8.156825065612793,-0.371692419052124
149,178,1-4-4-8_png.rf.1d7e57ba37060f71327c9d909b9c5f38.jpg,1-4-4-8_png,4,5.076211929321289,5,-0.2778833595272133,1.4,4.8,-31.584728240966797,3444,7.035587787628174,-1.9593759775161743
150,179,1_7-3_6-3-100-4_png.rf.0e2c14656bafa6a7247814c899e457d2.jpg,1_7-3_6-3-100-4_png,3,2.9338948726654053,3,-0.13138210182079502,1.7,3.6,-10.132026672363281,43754,2.7149271965026855,0.21896761655807495
151,180,1_4-4_8-3-100_png.rf.8ede069b98de1e579d03a3776c05837e.jpg,1_4-4_8-3-100_png,3,2.4626529216766357,2,-0.10002003085744035,1.4,4.8,-9.884917259216309,112923,2.518152952194214,-0.05549991875886917
152,181,1-4-3-6_png.rf.9628f4ac1d091f5d7112e21dff044ae7.jpg,1-4-3-6_png,9,7.991310119628906,8,-0.525604409845332,1.4,3.6,-75.44020080566406,2481,8.33096981048584,-0.33965957164764404
153,182,1-7-4-2-3-100-2_png.rf.7faff86439664bfe0284b363c1906247.jpg,1-7-4-2-3-100-2_png,7,8.217865943908691,8,-0.4453077253688364,1.7,4.2,-31.958972930908203,12033,8.00709342956543,0.210772305727005
154,183,1-7-4-8_png.rf.da472f55ef57fb190194a56f02d1524c.jpg,1-7-4-8_png,7,7.786552429199219,8,-0.580316389394412,1.7,4.8,-56.249412536621094,2621,8.713080406188965,-0.9265282154083252
155,184,1_4-3_6-3-100-4_png.rf.b7370ae78231b3c6c5119344e98b3a2b.jpg,1_4-3_6-3-100-4_png,3,2.6703314781188965,3,-0.1159663477495311,1.4,3.6,-11.907690048217773,43469,2.7270588874816895,-0.05672752112150192
156,185,1-7-3-9_png.rf.291a0a46bb3f8e90bea6eef07a57cc08.jpg,1-7-3-9_png,8,8.126986503601074,8,-0.4392468233164871,1.7,3.9,-52.50848388671875,2625,7.975399971008301,0.1515866219997406
157,186,2-0-4-5_png.rf.4c9934d349af1eda4c6c7785f44129ac.jpg,2-0-4-5_png,1,1.389642357826233,1,-0.05566307612553309,2.0,4.5,-5.110162734985352,3006,1.5088779926300049,-0.1192355826497078
158,187,0_8-4_5-3-100-4_png.rf.40100ca1f9ab9cefc0b91269e55b64e3.jpg,0_8-4_5-3-100-4_png,3,2.8959319591522217,3,-0.0878749876728814,0.8,4.5,-14.330930709838867,43372,2.787219762802124,0.10871218144893646
159,188,1-7-3-9_png.rf.1d6e3af27f8a0e6634e7cbc83bf45b21.jpg,1-7-3-9_png,1,1.3452486991882324,1,-0.038840674055088634,1.7,3.9,-4.638561248779297,2914,1.5025818347930908,-0.15733319520950317
160,189,0_8-4_8-6-100-6_png.rf.773543bcf61f7c9568501a88a24294a9.jpg,0_8-4_8-6-100-6_png,6,4.917526721954346,5,-0.15076357874156748,0.8,4.8,-22.892810821533203,158138,3.611096143722534,1.306430459022522
161,190,1-1-4-2_png.rf.fe1a571940f9ce408db6067bb3ad73db.jpg,1-1-4-2_png,4,4.848706245422363,5,-0.18431787610335054,1.1,4.2,-25.202842712402344,3728,3.8365893363952637,1.01211678981781
162,191,0-8-3-9-7-10-2_png.rf.028097a6c59a7a9fd476df2cfdcff7cd.jpg,0-8-3-9-7-10-2_png,7,8.212958335876465,8,-0.4455947533920238,0.8,3.9,-64.93956756591797,494,7.720561981201172,0.4923962354660034
163,192,2-0-3-6_png.rf.ec23d8a6649d12cd3acc2dd962eafe0d.jpg,2-0-3-6_png,4,3.423007011413574,3,-0.16658040724451434,2.0,3.6,-15.92205810546875,8051,2.9619579315185547,0.46104899048805237
164,193,1-7-3-6_png.rf.72f174885e3aac98ef00a88f99d20e2a.jpg,1-7-3-6_png,2,3.319369077682495,3,-0.15844476827655038,1.7,3.6,-21.176410675048828,943,3.0694632530212402,0.24990585446357727
165,194,1_4-4_2-2-100-3_png.rf.80460ad71a5366d86cbb1d711f102855.jpg,1_4-4_2-2-100-3_png,2,1.570101261138916,2,-0.03806531296614294,1.4,4.2,-3.5798206329345703,560641,1.70651113986969,-0.13640984892845154
166,195,0-8-3-3_png.rf.f049181e8c5e4a13a5cca94c3913011c.jpg,0-8-3-3_png,8,8.399219512939453,8,-0.4228105366117385,0.8,3.3,-64.72583770751953,237,7.601418972015381,0.7978007793426514
166,196,0-8-3-3_png.rf.f049181e8c5e4a13a5cca94c3913011c.jpg,0-8-3-3_png,7,7.166984558105469,7,-0.29330418296420196,0.8,3.3,-43.60006332397461,1713,6.9242048263549805,0.24277974665164948
166,197,0-8-3-3_png.rf.f049181e8c5e4a13a5cca94c3913011c.jpg,0-8-3-3_png,6,6.07107400894165,6,-0.2673793329133753,0.8,3.3,-40.88064193725586,811,6.788639068603516,-0.71756511926651
167,198,1-4-4-2_png.rf.0ede17c247c1e253b9d78ade7ad9f955.jpg,1-4-4-2_png,7,7.867560863494873,8,-0.5359534867455652,1.4,4.2,-60.80237579345703,2345,8.385087013244629,-0.5175262689590454
168,199,1_1-3_6-3-100_png.rf.0307dcceae267e17398fb4f7e30321ca.jpg,1_1-3_6-3-100_png,3,2.0319831371307373,2,-0.06259652099380836,1.1,3.6,-8.550541877746582,110517,2.2419705390930176,-0.20998737215995789
169,200,2-3-3-9_png.rf.b26a6f463a2b10e1ea9bfdd882f8b75d.jpg,2-3-3-9_png,10,9.795467376708984,10,-0.5821683086700438,2.3,3.9,-49.44168472290039,543,8.914785385131836,0.8806818723678589
170,203,0_8-4_2-3-100-4_png.rf.47074b16c199d48f76a79808da59ff8b.jpg,0_8-4_2-3-100-4_png,3,3.1961865425109863,3,-0.10015774558413736,0.8,4.2,-16.282150268554688,43687,2.9481308460235596,0.24805565178394318
171,204,0_5-4_8-3-100_png.rf.5c72beebaec6c51bdf587092284970ab.jpg,0_5-4_8-3-100_png,3,2.720052480697632,3,-0.03949442585569718,0.5,4.8,-6.480289459228516,110750,2.3674938678741455,0.35255855321884155
172,205,1-4-3-6-3-10_png.rf.ad84b927b1babbe89c96f28f7ea04ec2.jpg,1-4-3-6-3-10_png,3,1.281423568725586,1,-0.01853074545109284,1.4,3.6,-1.7213144302368164,1063,1.4505972862243652,-0.1691737025976181
173,206,1-4-4-2_png.rf.f568c8e82dd905b6dc27db9fc9a59014.jpg,1-4-4-2_png,1,1.6983721256256104,2,-0.04674502649921348,1.4,4.2,-5.979419708251953,4695,1.8202202320098877,-0.12184812873601913
174,207,1_7-3_9-2-100-3_png.rf.e4801736469c94c09491c9642b5e0275.jpg,1_7-3_9-2-100-3_png,2,1.2276427745819092,1,-0.031960717791215607,1.7,3.9,-2.2733535766601562,563406,1.4124505519866943,-0.18480777740478516
175,208,1-7-4-5-3-100-2_png.rf.877c9b81aff76315328dd976407ce7f4.jpg,1-7-4-5-3-100-2_png,7,7.105592727661133,7,-0.39721754329743414,1.7,4.5,-29.013263702392578,49202,7.755620956420898,-0.6500282287597656
176,209,2-0-4-2_png.rf.83a5b72c58566eb0fb1aa7d8bde50b3b.jpg,2-0-4-2_png,1,1.115186095237732,1,-0.04059322517655106,2.0,4.2,-3.917163848876953,4758,1.3114545345306396,-0.1962684690952301
177,210,0_5-3_3-3-100_png.rf.1472399d2d37ca0062205a7488b0b74d.jpg,0_5-3_3-3-100_png,3,3.091402053833008,3,-0.05860989984181257,0.5,3.3,-10.089275360107422,111940,2.61791729927063,0.4734847843647003
178,211,1-7-4-5_png.rf.59608e5c5593ff8e5c2b65929af07e2d.jpg,1-7-4-5_png,4,5.31498908996582,5,-0.3048039453131905,1.7,4.5,-33.02010726928711,3711,7.272371768951416,-1.9573825597763062
179,212,1_1-4_2-6-100-6_png.rf.ced40ba0e1a8678f06a69a763c421a9c.jpg,1_1-4_2-6-100-6_png,6,4.409721374511719,4,-0.17297370951854082,1.1,4.2,-22.61443328857422,151670,3.687974452972412,0.7217468023300171
180,213,1-7-4-8_png.rf.b59b6847350bdceaa60b1c11eec516ac.jpg,1-7-4-8_png,1,0.9038154482841492,1,-0.012510922976520776,1.7,4.8,-1.267114281654358,4774,1.1576471328735352,-0.253831684589386
181,214,1-7-3-3_png.rf.7669e870b8e331ed744eb24de5cc4831.jpg,1-7-3-3_png,8,8.166853904724121,8,-0.545113917585597,1.7,3.3,-61.16949462890625,350,8.528999328613281,-0.36214539408683777
181,215,1-7-3-3_png.rf.7669e870b8e331ed744eb24de5cc4831.jpg,1-7-3-3_png,7,7.544633865356445,8,-0.41217490183231076,1.7,3.3,-44.596099853515625,2011,7.833835601806641,-0.28920185565948486
181,216,1-7-3-3_png.rf.7669e870b8e331ed744eb24de5cc4831.jpg,1-7-3-3_png,6,7.650734901428223,8,-0.41623184594117746,1.7,3.3,-46.654876708984375,751,7.855050086975098,-0.2043149471282959
183,218,2-3-3-9_png.rf.6ad0195ee94d29f2341764fb60ffdbad.jpg,2-3-3-9_png,2,2.057218074798584,2,-0.10383990342910084,2.3,3.9,-10.90628433227539,892,1.9259350299835205,0.13128292560577393
184,219,1_4-3_9-3-100_png.rf.eb6e1942f259449124c4d6eefed6fdee.jpg,1_4-3_9-3-100_png,3,3.2612953186035156,3,-0.15757528828699502,1.4,3.9,-16.472877502441406,111347,3.2721595764160156,-0.0108641954138875
185,220,1_1-3_6-6-100-6_png.rf.4a8c239488e9fb3ec92f601d4f65360d.jpg,1_1-3_6-6-100-6_png,6,4.449758052825928,4,-0.17399561070347772,1.1,3.6,-23.309345245361328,151234,3.701361894607544,0.7483963370323181
186,221,2-0-3-3_png.rf.541dec8405fa89d25540266ab464c979.jpg,2-0-3-3_png,4,3.789902687072754,4,-0.19148603476299775,2.0,3.3,-19.218467712402344,3732,3.288235664367676,0.5016669034957886
188,222,1-4-4-5_png.rf.3384aaea34011903dcc46bc9e0b28463.jpg,1-4-4-5_png,4,5.742585182189941,6,-0.24596661220669597,1.4,4.5,-29.43738555908203,3503,4.430135726928711,1.3124494552612305
189,223,1-1-4-8-3-10-4_png.rf.b5a344e40f4851da8468d465ee9d800d.jpg,1-1-4-8-3-10-4_png,3,3.509343385696411,4,-0.1485585215893116,1.1,4.8,-15.954707145690918,651,3.36812162399292,0.141221821308136
190,224,1-1-4-2-6-10-6_png.rf.b5e8c426c587b636bf5b9a5a6345c102.jpg,1-1-4-2-6-10-6_png,6,5.584461212158203,6,-0.29044137592852143,1.1,4.2,-36.0244140625,1748,7.005245208740234,-1.4207837581634521
191,225,1-4-3-6_png.rf.3504810b84707c55679a3b80b22f71a2.jpg,1-4-3-6_png,2,2.6045632362365723,3,-0.11082390217064836,1.4,3.6,-14.891885757446289,880,2.6596899032592773,-0.055126722902059555
192,226,1-4-4-5_png.rf.5eabbf8766b64aae472dec2241b4ddd2.jpg,1-4-4-5_png,1,1.7869971990585327,2,-0.05276761576179336,1.4,4.5,-6.3246870040893555,2995,1.8991196155548096,-0.11212246865034103
193,227,0_5-4_2-3-100_png.rf.de5b9a4e0a5e1b0d7e01f91b690ce7a9.jpg,0_5-4_2-3-100_png,3,3.916879653930664,4,-0.08710580315475754,0.5,4.2,-15.170425415039062,111200,2.991230010986328,0.9256495833396912
194,228,1-7-4-5-12-100-5_png.rf.a73078fbabbad9fc57714a209a6bd8d5.jpg,1-7-4-5-12-100-5_png,9,8.30459213256836,8,-0.5311432456511918,1.7,4.5,-38.237884521484375,63193,8.455944061279297,-0.15135152637958527
195,229,0_5-3_9-3-100_png.rf.46fdf8b6dad3c2523744d7f49c4e388f.jpg,0_5-3_9-3-100_png,3,4.586443901062012,5,-0.10733255974134556,0.5,3.9,-18.389760971069336,111521,3.256211757659912,1.3302321434020996
196,230,1_1-3_3-3-100_png.rf.557ba7a97baa1e424bb2ca294f1fae62.jpg,1_1-3_3-3-100_png,3,2.1216800212860107,2,-0.07077073547832942,1.1,3.3,-9.750985145568848,112100,2.34905743598938,-0.22737739980220795
197,231,1-7-4-5_png.rf.fd088675e89e615a1880cf622f70e04c.jpg,1-7-4-5_png,1,0.9114706516265869,1,-0.012981032579767439,1.7,4.5,-1.4004957675933838,1375,1.1638058423995972,-0.25233519077301025
198,232,1-4-3-3_png.rf.327d13f7695ed883fe039ef18b405559.jpg,1-4-3-3_png,7,8.335476875305176,8,-0.4926895514365362,1.4,3.3,-60.96562957763672,2327,8.158851623535156,0.176625594496727
199,233,1-4-4-5-3-10_png.rf.0a3e6aec327c6788288b769f0b558dfb.jpg,1-4-4-5-3-10_png,3,4.218790054321289,4,-0.19885496637953584,1.4,4.5,-17.31784439086914,1102,3.8129467964172363,0.405843049287796
200,234,1_1-3_9-2-100-3_png.rf.1e704a7fd1653a60e8422fc0ca052a08.jpg,1_1-3_9-2-100-3_png,2,2.140322208404541,2,-0.07247462101884015,1.1,3.9,-9.956433296203613,560491,2.3713793754577637,-0.2310570776462555
201,235,0_8-3_9-2-100-3_png.rf.7e6a349f5a7c7616b46115d0d6d1530a.jpg,0_8-3_9-2-100-3_png,2,1.7407677173614502,2,0.028024227162871257,0.8,3.9,4.149770736694336,567374,1.2688744068145752,0.4718933403491974
202,236,1_7-3_9-6-100-6_png.rf.fd2ef04c2db46a5604a746606e2a2648.jpg,1_7-3_9-6-100-6_png,6,5.751705169677734,6,-0.2727941342134072,1.7,3.9,-20.692235946655273,159337,4.5675048828125,1.184200406074524
203,237,1-7-3-6_png.rf.1390287fbc751deef5b1990673c71067.jpg,1-7-3-6_png,4,5.250286102294922,5,-0.25504547166155545,1.7,3.6,-31.25301742553711,3838,4.334987163543701,0.9152990579605103
204,238,1-4-4-5_png.rf.9ce8496288e61b756cb9f5437b9a268c.jpg,1-4-4-5_png,8,7.693819046020508,8,-0.5510044484559345,1.4,4.5,-65.20561218261719,310,8.463791847229004,-0.7699726223945618
204,239,1-4-4-5_png.rf.9ce8496288e61b756cb9f5437b9a268c.jpg,1-4-4-5_png,7,8.262532234191895,8,-0.5009411953846246,1.4,4.5,-57.19647979736328,1903,8.202001571655273,0.06053110957145691
204,240,1-4-4-5_png.rf.9ce8496288e61b756cb9f5437b9a268c.jpg,1-4-4-5_png,6,8.226712226867676,8,-0.4151318196653199,1.4,4.5,-49.04566192626953,637,7.753287315368652,0.47342532873153687
205,241,1-1-3-6-12-100-5_png.rf.838309c0345af52b54bfadb53454d70c.jpg,1-1-3-6-12-100-5_png,9,8.497730255126953,8,-0.42079499898843353,1.1,3.6,-56.36495590209961,63022,7.686890125274658,0.8108404278755188
206,242,1_1-4_5-3-100_png.rf.c78685fc2caab909fec87d58bf0bb22a.jpg,1_1-4_5-3-100_png,3,2.0965240001678467,2,-0.06848387038093633,1.1,4.5,-9.047591209411621,112644,2.3190982341766357,-0.22257423400878906
207,243,1-4-3-3_png.rf.51125958871dc61342fb31984388139c.jpg,1-4-3-3_png,9,8.276849746704102,8,-0.49941904035876666,1.4,3.3,-76.72216033935547,2547,8.19404125213623,0.08280843496322632
209,245,1_4-3_6-2-100-3_png.rf.c669b415c103a94425425c1c291c4c04.jpg,1_4-3_6-2-100-3_png,2,1.3426408767700195,1,-0.022686544962759916,1.4,3.6,-2.216653823852539,559638,1.5050405263900757,-0.16239966452121735
210,246,1-1-3-6-2-10-3_png.rf.cd210df0072d18ae58611c1c1506502f.jpg,1-1-3-6-2-10-3_png,2,2.3227243423461914,2,-0.08882463291958488,1.1,3.6,-12.221565246582031,5690,2.585573673248291,-0.26284921169281006
211,247,1-4-4-2-3-10_png.rf.e3750ae200a5faa3365b5be9523e0d23.jpg,1-4-4-2-3-10_png,3,4.110547065734863,4,-0.19510605369818812,1.4,4.2,-17.330196380615234,1056,3.763833999633789,0.34671303629875183
212,248,2-0-3-9_png.rf.e2d88fccb2b95edffa58ffa548a1e821.jpg,2-0-3-9_png,7,7.985513687133789,8,-0.6335332054174367,2.0,3.9,-57.61158752441406,2414,9.087371826171875,-1.1018579006195068
213,249,2-0-3-3_png.rf.71c2ead8681bad4327785bbf83a00147.jpg,2-0-3-3_png,7,8.14120101928711,8,-0.6188216954167542,2.0,3.3,-59.40855407714844,2215,9.010442733764648,-0.8692413568496704
214,250,1_1-3_6-2-100-3_png.rf.cf9fc76becdf6194d3bf18002b74a26e.jpg,1_1-3_6-2-100-3_png,2,1.4548442363739014,1,-0.008819244930038576,1.1,3.6,-1.1480426788330078,560575,1.537457823753357,-0.08261359483003616
215,251,1-4-3-9-3-10-2_png.rf.4cb2b0958876f0fac91698302f6f90b6.jpg,1-4-3-9-3-10-2_png,7,7.6417436599731445,8,-0.5558369354150682,1.4,3.9,-48.29444885253906,492,8.48906135559082,-0.8473175764083862
217,253,1-7-4-5-6-10-6_png.rf.7e9bfa8e94c984f25826c280722efafb.jpg,1-7-4-5-6-10-6_png,6,6.91062068939209,7,-0.3910788930486805,1.7,4.5,-24.592012405395508,1675,7.723520278930664,-0.8128994107246399
218,254,1_4-4_2-6-100-6_png.rf.070e4076bc835f0703809a8017615cb6.jpg,1_4-4_2-6-100-6_png,6,4.938404083251953,5,-0.2565613509401169,1.4,4.2,-25.137069702148438,151895,6.92409086227417,-1.9856868982315063
219,255,1-7-4-8_png.rf.0b274182b440cd293e10d8df5a2a7e91.jpg,1-7-4-8_png,1,0.9428315758705139,1,-0.014901028589411272,1.7,4.8,-1.5169079303741455,1427,1.1889588832855225,-0.24612730741500854
220,256,1-4-4-2_png.rf.937cfe02b855a29ddb97c2c2a1258188.jpg,1-4-4-2_png,4,5.196751594543457,5,-0.22904882608394805,1.4,4.2,-29.548175811767578,3503,4.208503723144531,0.988247811794281
221,257,1-7-3-9-12-100-5_png.rf.1da0be9df224b2e2dd001e501ef02396.jpg,1-7-3-9-12-100-5_png,9,7.996912956237793,8,-0.5606289127842307,1.7,3.9,-42.6635856628418,63178,8.610130310058594,-0.613217294216156
222,258,2-0-3-3_png.rf.8c8fa38a667aad6e8e1a28522f7b8c05.jpg,2-0-3-3_png,1,1.3647489547729492,1,-0.05431300886396715,2.0,3.3,-5.3823652267456055,2979,1.4911913871765137,-0.12644238770008087
223,259,0-8-3-9-12-100-5_png.rf.6bcb70d6bebbff03af41669e452b31a9.jpg,0-8-3-9-12-100-5_png,9,8.482267379760742,8,-0.377078942955704,0.8,3.9,-58.09244155883789,63301,7.362279891967773,1.1199874877929688
224,260,1-4-3-6_png.rf.41a8e4c5da32bbd39e5a6102bca6c8b4.jpg,1-4-3-6_png,8,8.024219512939453,8,-0.5228314034719252,1.4,3.6,-65.56161880493164,357,8.316469192504883,-0.29224979877471924
224,261,1-4-3-6_png.rf.41a8e4c5da32bbd39e5a6102bca6c8b4.jpg,1-4-3-6_png,7,8.445292472839355,8,-0.4755192204441699,1.4,3.6,-57.908592224121094,1895,8.06906509399414,0.3762269616127014
224,262,1-4-3-6_png.rf.41a8e4c5da32bbd39e5a6102bca6c8b4.jpg,1-4-3-6_png,6,7.1600022315979,7,-0.36940780082726726,1.4,3.6,-46.27086639404297,695,7.514186859130859,-0.3541847765445709
225,263,2-0-4-2_png.rf.47a63d2c983423a5edb01407c481b545.jpg,2-0-4-2_png,8,7.878593921661377,8,-0.6462713136594767,2.0,4.2,-61.348228454589844,316,9.153982162475586,-1.2753881216049194
225,264,2-0-4-2_png.rf.47a63d2c983423a5edb01407c481b545.jpg,2-0-4-2_png,7,6.435215473175049,6,-0.3876090895627597,2.0,4.2,-35.40365982055664,1690,7.801386833190918,-1.3661713600158691
225,265,2-0-4-2_png.rf.47a63d2c983423a5edb01407c481b545.jpg,2-0-4-2_png,6,8.863765716552734,9,-0.4786779240571012,2.0,4.2,-45.3972282409668,819,8.277603149414062,0.5861621499061584
226,266,2-0-4-8_png.rf.17d8e9c7bb8b162b927808e361e00624.jpg,2-0-4-8_png,7,7.84025239944458,8,-0.6518755810989816,2.0,4.8,-55.41718292236328,2640,9.18328857421875,-1.3430360555648804
227,267,1_7-4_5-3-100_png.rf.7fddc16b2806b015b13f70bb6b121527.jpg,1_7-4_5-3-100_png,3,2.162088394165039,2,-0.08544179089502643,1.7,4.5,-6.269703388214111,113714,2.1130828857421875,0.049005575478076935
228,268,1-1-4-2_png.rf.239bb9a0bc969b82e5f97841eaa6f157.jpg,1-1-4-2_png,8,7.177559852600098,7,-0.5742702454972196,1.1,4.2,-70.16996002197266,368,8.489442825317383,-1.3118828535079956
228,269,1-1-4-2_png.rf.239bb9a0bc969b82e5f97841eaa6f157.jpg,1-1-4-2_png,7,7.654340744018555,8,-0.5213470134959544,1.1,4.2,-61.46733474731445,1712,8.212696075439453,-0.5583553314208984
228,270,1-1-4-2_png.rf.239bb9a0bc969b82e5f97841eaa6f157.jpg,1-1-4-2_png,6,8.496435165405273,8,-0.42715071909381375,1.1,4.2,-52.106388092041016,780,7.720125675201416,0.7763094902038574
229,271,1-7-3-9_png.rf.8e4f9b8e7d8266fa328fe3864654c700.jpg,1-7-3-9_png,9,8.452244758605957,8,-0.5108762393006856,1.7,3.9,-60.742530822753906,2555,8.349964141845703,0.10228016972541809
231,273,0-8-3-6-7-100-2_png.rf.58d3e525f1816d084935f7901efcc3dd.jpg,0-8-3-6-7-100-2_png,7,6.296586036682129,6,-0.272422040667568,0.8,3.6,-44.64112091064453,49179,6.815008163452148,-0.5184223651885986
232,274,0_8-4_5-3-100_png.rf.e6fc241ab1d0cec7cbe7df6504a1cf24.jpg,0_8-4_5-3-100_png,3,2.335249423980713,2,-0.05037602132026588,0.8,4.5,-7.89650821685791,108906,2.29596209526062,0.03928743675351143
233,275,1-7-3-9-3-10-4_png.rf.067196c777d1f5628e7bf2a85bb20b01.jpg,1-7-3-9-3-10-4_png,3,3.8019816875457764,4,-0.19070285988857757,1.7,3.9,-12.10888957977295,583,3.492062568664551,0.309919148683548
234,276,1_4-3_3-3-100_png.rf.8b6bdd436c829adf18ede29927d2235d.jpg,1_4-3_3-3-100_png,3,2.3912692070007324,2,-0.09483117142272593,1.4,3.3,-10.04313850402832,111306,2.4501760005950928,-0.058906812220811844
236,278,2-0-3-6_png.rf.f1151441a4078957ec81bd359f4d54eb.jpg,2-0-3-6_png,1,1.0361076593399048,1,-0.03616613048534758,2.0,3.6,-3.5417356491088867,1352,1.2534570693969727,-0.21734942495822906
237,279,2-0-4-8_png.rf.53b04d9d63e6fd61efd21f41f820fd82.jpg,2-0-4-8_png,4,4.629419803619385,5,-0.24378028025331883,2.0,4.8,-22.09682846069336,3628,3.973320245742798,0.6560995578765869
238,280,1-4-3-3_png.rf.41f5dfd5ac303d5aac02cbd96f78b219.jpg,1-4-3-3_png,1,1.3769373893737793,1,-0.025009937492132168,1.4,3.3,-3.9015414714813232,1546,1.5354783535003662,-0.1585410088300705
240,282,1-5-4-2-1_png.rf.d8aa1b386da2f14a2b9d925d73e1eeae.jpg,1-5-4-2-1_png,1,1.3635714054107666,1,-0.029622689797463794,1.5,4.2,-3.6303348541259766,4716,1.524545669555664,-0.16097423434257507
241,283,1_4-3_9-6-100-6_png.rf.3596a74996dde4c8373c7ebd44778e18.jpg,1_4-3_9-6-100-6_png,6,4.792807579040527,5,-0.2170334518050558,1.4,3.9,-21.582691192626953,157015,4.051095008850098,0.7417124509811401
242,284,1-7-3-9_png.rf.c569adb4d51e8d33006187897ea2b5b7.jpg,1-7-3-9_png,8,8.051377296447754,8,-0.555728349708684,1.7,3.9,-59.747886657714844,265,8.584505081176758,-0.533128023147583
242,285,1-7-3-9_png.rf.c569adb4d51e8d33006187897ea2b5b7.jpg,1-7-3-9_png,7,6.394612789154053,6,-0.3744182322812748,1.7,3.9,-39.01690673828125,1988,7.6363983154296875,-1.2417855262756348
242,286,1-7-3-9_png.rf.c569adb4d51e8d33006187897ea2b5b7.jpg,1-7-3-9_png,6,7.4175615310668945,7,-0.4075953141114373,1.7,3.9,-43.8480224609375,800,7.809887886047363,-0.3923265039920807
243,287,0_8-4_2-6-100-6_png.rf.c02dd1f381bd1d59ad06a2ab3e0daf8f.jpg,0_8-4_2-6-100-6_png,6,5.427849769592285,5,-0.16803916375354655,0.8,4.2,-26.540403366088867,156797,3.8374156951904297,1.5904340744018555
244,288,1-4-4-5_png.rf.0c46c8d98d95b2ae47d6c0e48b06e8fa.jpg,1-4-4-5_png,1,1.8198071718215942,2,-0.05500475267466359,1.4,4.5,-6.556588172912598,4772,1.9284274578094482,-0.10862024873495102
245,289,2-0-3-3_png.rf.61fa30be9cc8bd88306eaf38921a9d89.jpg,2-0-3-3_png,1,0.8987569808959961,1,-0.028370106886321092,2.0,3.3,-2.8617758750915527,1259,1.15132474899292,-0.2525677978992462
246,290,1-4-3-6-6-10-6_png.rf.57e97c4c658deb106fa91bb3c6185d00.jpg,1-4-3-6-6-10-6_png,6,6.353187561035156,6,-0.3468637206928099,1.4,3.6,-32.194374084472656,1735,7.396299839019775,-1.0431123971939087
247,291,1_7-3_6-6-100-6_png.rf.c18deeaaf168722f8b57babfd2a7c746.jpg,1_7-3_6-6-100-6_png,6,5.084721565246582,5,-0.24901982571706568,1.7,3.6,-19.030216217041016,155962,4.256048202514648,0.8286733627319336
248,292,0_8-3_6-2-100-3_png.rf.ea7f79bb1aa24ea455920db7357eb075.jpg,0_8-3_6-2-100-3_png,2,1.9326941967010498,2,-8.74251003676355e-05,0.8,3.6,-0.01363372802734375,573482,1.637152910232544,0.29554134607315063
249,293,1_4-4_8-3-100-4_png.rf.e9625cf4f07fc1753efaff1c70aef118.jpg,1_4-4_8-3-100-4_png,3,2.8879048824310303,3,-0.1328100059820411,1.4,4.8,-13.010357856750488,43799,2.9477202892303467,-0.05981548875570297
250,294,1-7-4-8-12-100-5_png.rf.d0b567851597b8f7811b504bf24cc867.jpg,1-7-4-8-12-100-5_png,9,7.877501487731934,8,-0.5715133885469577,1.7,4.8,-41.66640090942383,62693,8.667047500610352,-0.7895458936691284
252,296,0-8-3-9-3-10-4_png.rf.2c644fbaaef3c4d28769ee5b38c6da08.jpg,0-8-3-9-3-10-4_png,3,4.294971942901611,4,-0.13315662292069266,0.8,3.9,-19.13125991821289,521,3.380434989929199,0.9145371317863464
253,297,1_4-4_8-2-100-3_png.rf.7feaad026ca76dccdc970eea7416544f.jpg,1_4-4_8-2-100-3_png,2,1.6831297874450684,2,-0.04571177013669686,1.4,4.8,-4.277260780334473,560067,1.8066840171813965,-0.12355418503284454
254,298,2-0-3-3_png.rf.dcde3cccad56f3465b4045dcd37d49dc.jpg,2-0-3-3_png,9,9.078301429748535,9,-0.5219349662811271,2.0,3.3,-60.46549606323242,2241,8.503803253173828,0.574498176574707
255,299,1-7-4-2_png.rf.5ff41208008705b9770f63ea4dbea60f.jpg,1-7-4-2_png,1,1.386032223701477,1,-0.041208536629202396,1.7,4.2,-4.740524768829346,2929,1.533602237701416,-0.14757004380226135
256,300,1_1-3_9-3-100_png.rf.27d9e98e2ba69be9bac34ef5db60cbd6.jpg,1_1-3_9-3-100_png,3,2.74206280708313,3,-0.11785344744035649,1.1,3.9,-16.328176498413086,111472,2.965867757797241,-0.22380492091178894
257,301,0_5-4_5-3-100_png.rf.e0f9cd5825b622533bc626f2ace1f527.jpg,0_5-4_5-3-100_png,3,2.755584478378296,3,-0.041723126288254135,0.5,4.5,-7.102768898010254,111406,2.396691083908081,0.35889336466789246
258,302,1-1-3-6_png.rf.5a366ea437fd2f28d4b970b0c0cfe62a.jpg,1-1-3-6_png,7,7.469055652618408,7,-0.5378399628006906,1.1,3.6,-64.79951858520508,3133,8.298941612243652,-0.8298857808113098
259,303,1-7-4-8_png.rf.cfafa6b7cbe1770109c61d11fd0a600e.jpg,1-7-4-8_png,4,3.713014841079712,4,-0.18523877011081144,1.7,4.8,-18.71738052368164,7878,3.4204797744750977,0.2925349771976471
259,304,1-7-4-8_png.rf.cfafa6b7cbe1770109c61d11fd0a600e.jpg,1-7-4-8_png,3,3.0893380641937256,3,-0.14201963027401257,1.7,4.8,-14.410996437072754,6531,2.8542847633361816,0.23505330085754395
259,305,1-7-4-8_png.rf.cfafa6b7cbe1770109c61d11fd0a600e.jpg,1-7-4-8_png,4,3.658167600631714,4,-0.18174679577873373,1.7,4.8,-18.474197387695312,1868,3.3747329711914062,0.28343465924263
260,306,1_4-4_2-3-100_png.rf.d47f43f94a1961313ac739a2f2d0061c.jpg,1_4-4_2-3-100_png,3,2.8498291969299316,3,-0.1299377155015041,1.4,4.2,-12.856645584106445,109217,2.9100916385650635,-0.06026247888803482
261,307,1-4-4-8_png.rf.e971286630d7d73cbd52862f22033187.jpg,1-4-4-8_png,1,2.02445912361145,2,-0.06907722912858542,1.4,4.8,-7.7174224853515625,4332,2.1127848625183105,-0.08832566440105438
262,308,1-7-3-9_png.rf.cf29a0b49f634348a222e3a00c6ac0e5.jpg,1-7-3-9_png,7,8.096872329711914,8,-0.5516054621922449,1.7,3.9,-55.89460754394531,2481,8.562945365905762,-0.4660729765892029
264,309,1_1-3_9-3-100-4_png.rf.30608e78bad08d040e31be0e5f47f785.jpg,1_1-3_9-3-100-4_png,3,2.627025604248047,3,-0.11119049547284177,1.1,3.9,-15.272342681884766,43619,2.8785793781280518,-0.25155365467071533
265,310,1-7-3-3_png.rf.2dcae6fb792a8c8f409b46857b04f1ff.jpg,1-7-3-3_png,2,3.133988857269287,3,-0.14517042923876988,1.7,3.3,-21.161666870117188,956,2.895561933517456,0.23842690885066986
266,311,1-1-4-8_png.rf.1f04a8d9e38671b2b8b86c184b6acdb6.jpg,1-1-4-8_png,4,4.053184509277344,4,-0.16378867555969445,1.1,4.8,-19.36566162109375,3606,3.567645311355591,0.4855392873287201
267,312,1_1-4_8-2-100-3_png.rf.11ef0d33ebb518bd87170cc675115a0b.jpg,1_1-4_8-2-100-3_png,2,1.6233108043670654,2,-0.02425620059775319,1.1,4.8,-3.2720251083374023,564134,1.7396906614303589,-0.11637991666793823
268,313,2-0-4-5_png.rf.96a1bb6ac388a4c5ae49db2ae3c1b132.jpg,2-0-4-5_png,8,7.886316299438477,8,-0.6452281284943511,2.0,4.5,-59.916297912597656,350,9.148527145385742,-1.262210726737976
268,314,2-0-4-5_png.rf.96a1bb6ac388a4c5ae49db2ae3c1b132.jpg,2-0-4-5_png,7,8.188980102539062,8,-0.4421474069601257,2.0,4.5,-39.530296325683594,2068,8.086578369140625,0.10240183770656586
268,315,2-0-4-5_png.rf.96a1bb6ac388a4c5ae49db2ae3c1b132.jpg,2-0-4-5_png,6,9.004045486450195,9,-0.4939977939224753,2.0,4.5,-45.806121826171875,657,8.35771369934082,0.6463316082954407
269,316,1-1-4-8-12-100-5_png.rf.e56bf7dffbc6ac9b0c2f10b6e52e307a.jpg,1-1-4-8-12-100-5_png,9,8.433906555175781,8,-0.44696001160076965,1.1,4.8,-58.93088912963867,63006,7.823712348937988,0.6101945638656616
270,317,1_4-3_6-3-100_png.rf.2ad36dd15d76d66bea77d3ea1b0c7429.jpg,1_4-3_6-3-100_png,3,2.2946174144744873,2,-0.08797522083615888,1.4,3.6,-9.090078353881836,110941,2.3603591918945312,-0.06574170291423798
271,318,1-1-4-5_png.rf.0d7258abc2655d09abd047dc9db91902.jpg,1-1-4-5_png,1,1.8416141271591187,2,-0.04475619476524092,1.1,4.5,-5.525648593902588,2895,2.0082521438598633,-0.16663803160190582
